application_number,foreign_parent_id,foreign_parent_date,parent_country_code,parent_country
PCT/US98/16791,97 11054,1997-09-05,FR,FRANCE
PCT/US98/16827,9708009.5,1997-08-26,GB,UNITED KINGDOM
PCT/US98/16965,97202674.4,1997-09-01,None,None
PCT/US98/17060,9717566.5,1997-08-19,GB,UNITED KINGDOM
PCT/US98/17060,9718332.1,1997-09-01,GB,UNITED KINGDOM
PCT/US98/17086,9-222747,1997-08-19,JP,JAPAN
PCT/US98/17086,9-264287,1997-09-29,JP,JAPAN
PCT/US98/17092,9720329.3,1997-09-27,GB,UNITED KINGDOM
PCT/US98/17093,9720331.9,1997-09-24,GB,UNITED KINGDOM
PCT/US98/17159,9720 2670.2,1997-09-01,None,None
PCT/US98/17260,9717776.0,1997-08-21,GB,UNITED KINGDOM
PCT/US98/17317,9-235208,1997-08-29,JP,JAPAN
PCT/US98/17383,97/7520,1997-08-21,ZA,SOUTH AFRICA
PCT/US98/17393,97114841.6,1998-08-21,None,None
PCT/US98/17421,JP9-241700,1997-08-25,JP,JAPAN
PCT/US98/17467,9800459.1,1998-01-09,GB,UNITED KINGDOM
PCT/US98/17504,9718195.2,1997-08-29,GB,UNITED KINGDOM
PCT/US98/17510,9801003.6,1998-01-16,GB,UNITED KINGDOM
PCT/US98/17532,9800955.8,1998-01-16,GB,UNITED KINGDOM
PCT/US98/17577,PCT/US98/08126,1998-04-27,US,UNITED STATES OF AMERICA
PCT/US98/17613,97114629,1997-08-21,RU,RUSSIAN FEDERATION
PCT/US98/17692,9813579.1,1998-06-24,GB,UNITED KINGDOM
PCT/US98/17697,9724331.5,1997-11-18,GB,UNITED KINGDOM
PCT/US98/17698,9807361.2,1998-04-06,GB,UNITED KINGDOM
PCT/US98/17699,9724299.4,1997-11-18,GB,UNITED KINGDOM
PCT/US98/17712,9718123.4,1997-08-28,GB,UNITED KINGDOM
PCT/US98/17720,97116804.0,1997-08-26,CN,CHINA
PCT/US98/17723,PCT/US97/15219,1997-08-27,US,UNITED STATES OF AMERICA
PCT/US98/17727,9718520.1,1997-09-01,GB,UNITED KINGDOM
PCT/US98/17728,9718518.5,1997-09-01,GB,UNITED KINGDOM
PCT/US98/17743,973919,1997-10-09,FI,FINLAND
PCT/US98/17755,9801009.3,1998-01-16,GB,UNITED KINGDOM
PCT/US98/17775,97113462.2,1997-08-05,BE,BELGIUM
PCT/US98/18006,PCT/US97/19190,1997-10-23,US,UNITED STATES OF AMERICA
PCT/US98/18006,PCT/US98/15182,1998-07-22,US,UNITED STATES OF AMERICA
PCT/US98/18027,9710989,1997-09-01,FR,FRANCE
PCT/US98/18055,9718686.0,1997-09-04,GB,UNITED KINGDOM
PCT/US98/18104,9721985.1,1997-10-17,GB,UNITED KINGDOM
PCT/US98/18123,174-96052,1998-08-26,US,UNITED STATES OF AMERICA
PCT/US98/18193,19738066.2,1997-09-01,DE,GERMANY
PCT/US98/18277,197 38 665.2,1997-09-04,DE,GERMANY
PCT/US98/18277,198 14 280.3,1998-03-31,DE,GERMANY
PCT/US98/18376,PCT/US97/15574,1997-09-02,US,UNITED STATES OF AMERICA
PCT/US98/18417,9801005.1,1998-01-16,GB,UNITED KINGDOM
PCT/US98/18428,9-256144,1997-09-03,JP,JAPAN
PCT/US98/18573,9806029.6,1998-03-20,GB,UNITED KINGDOM
PCT/US98/18577,9722884.5,1997-10-30,GB,UNITED KINGDOM
PCT/US98/18578,9815806.6,1998-07-21,GB,UNITED KINGDOM
PCT/US98/18579,9806420.7,1998-03-25,GB,UNITED KINGDOM
PCT/US98/18677,9719637.2,1997-09-15,GB,UNITED KINGDOM
PCT/US98/18731,97202750.2,1997-09-08,None,None
PCT/US98/18745,197 47 355.5,1997-10-27,DE,GERMANY
PCT/US98/18774,2144/97,1997-09-11,CH,SWITZERLAND
PCT/US98/18778,97115684,1997-09-19,RU,RUSSIAN FEDERATION
PCT/US98/18828,9719636.4,1997-09-15,GB,UNITED KINGDOM
PCT/US98/18883,97202795.7,1997-09-11,BE,BELGIUM
PCT/US98/18884,97202794.0,1997-09-11,BE,BELGIUM
PCT/US98/19015,9806433.0,1998-03-25,GB,UNITED KINGDOM
PCT/US98/19020,971155083,1997-09-12,RU,RUSSIAN FEDERATION
PCT/US98/19021,97115515,1997-09-12,RU,RUSSIAN FEDERATION
PCT/US98/19055,97116440.5,1997-09-20,None,None
PCT/US98/19065,PCT/US98/03811,1998-03-20,US,UNITED STATES OF AMERICA
PCT/US98/19126,97/8319,1997-09-16,ZA,SOUTH AFRICA
PCT/US98/19147,297 16 671.9,1997-09-15,DE,GERMANY
PCT/US98/19417,PCT/US97/22859,1997-12-10,US,UNITED STATES OF AMERICA
PCT/US98/19482,97202985.4,1997-09-29,None,None
PCT/US98/19497,9806695.4,1998-03-27,GB,UNITED KINGDOM
PCT/US98/19523,9719951.7,1997-09-19,GB,UNITED KINGDOM
PCT/US98/19606,9719954.1,1997-09-19,GB,UNITED KINGDOM
PCT/US98/19619,9719950.9,1997-09-19,GB,UNITED KINGDOM
PCT/US98/19630,97870138.1,1997-09-19,BE,BELGIUM
PCT/US98/19642,9815805.8,1998-07-21,GB,UNITED KINGDOM
PCT/US98/19646,9719948.3,1997-09-19,GB,UNITED KINGDOM
PCT/US98/19648,9719947.5,1997-09-19,GB,UNITED KINGDOM
PCT/US98/19651,9719949.1,1997-09-19,GB,UNITED KINGDOM
PCT/US98/19750,980115,1998-02-16,IE,IRELAND
PCT/US98/19788,9806419.9,1998-03-25,GB,UNITED KINGDOM
PCT/US98/19789,9810544.8,1998-05-15,GB,UNITED KINGDOM
PCT/US98/19797,9-70617,1997-09-19,JP,JAPAN
PCT/US98/19817,PCT/US97/18103,1997-10-07,US,UNITED STATES OF AMERICA
PCT/US98/19908,1007148,1997-09-26,NL,NETHERLANDS
PCT/US98/20048,97.21494,1997-10-09,GB,UNITED KINGDOM
PCT/US98/20102,H9-277332,1997-10-09,JP,JAPAN
PCT/US98/20174,9806034.6,1998-03-20,GB,UNITED KINGDOM
PCT/US98/20317,97116956.X,1997-09-29,CN,CHINA
PCT/US98/20350,97 12664,1997-10-10,FR,FRANCE
PCT/US98/20486,H9-290263,1997-10-07,JP,JAPAN
PCT/US98/20499,9(97)281114,1997-09-30,JP,JAPAN
PCT/US98/20525,9807948.6,1998-04-14,GB,UNITED KINGDOM
PCT/US98/20578,97117071.7,1997-10-01,DE,GERMANY
PCT/US98/20592,9-295794,1997-10-28,JP,JAPAN
PCT/US98/20593,9806973.5,1998-04-01,GB,UNITED KINGDOM
PCT/US98/20593,9807001.4,1998-04-01,GB,UNITED KINGDOM
PCT/US98/20593,9806977.6,1998-04-01,GB,UNITED KINGDOM
PCT/US98/20596,9806977.6,1998-04-01,GB,UNITED KINGDOM
PCT/US98/20596,9806973.5,1998-04-01,GB,UNITED KINGDOM
PCT/US98/20596,9807001.4,1998-04-01,GB,UNITED KINGDOM
PCT/US98/20597,9806977.6,1998-04-01,GB,UNITED KINGDOM
PCT/US98/20597,9807001.4,1998-04-01,GB,UNITED KINGDOM
PCT/US98/20597,9806973.5,1998-04-01,GB,UNITED KINGDOM
PCT/US98/20701,9721947.1,1997-10-16,GB,UNITED KINGDOM
PCT/US98/20702,9721947.1,1997-10-16,GB,UNITED KINGDOM
PCT/US98/20713,97/8886,1997-10-03,ZA,SOUTH AFRICA
PCT/US98/20715,JP H9-284666,1997-10-01,JP,JAPAN
PCT/US98/20744,PCT/US98/13389,1998-06-25,US,UNITED STATES OF AMERICA
PCT/US98/20813,9720723.7,1997-09-01,GB,UNITED KINGDOM
PCT/US98/20816,9720723.7,1997-10-01,GB,UNITED KINGDOM
PCT/US98/20830,9806031.2,1998-03-20,GB,UNITED KINGDOM
PCT/US98/20974,97A000885,1997-10-06,IT,ITALY
PCT/US98/21101,9721373.0,1997-10-08,GB,UNITED KINGDOM
PCT/US98/21138,9722013.1,1998-10-20,GB,UNITED KINGDOM
PCT/US98/21140,19745919.6,1997-10-16,DE,GERMANY
PCT/US98/21172,97870150.6,1997-10-08,BE,BELGIUM
PCT/US98/21225,MI98 A 001727,1998-07-24,IT,ITALY
PCT/US98/21240,97870151.4,1997-10-08,BE,BELGIUM
PCT/US98/21249,MI98 A 001596,1998-07-10,IT,ITALY
PCT/US98/21265,98104806.9,1998-03-17,None,None
PCT/US98/21274,97 13943,1997-11-06,FR,FRANCE
PCT/US98/21275,PCT/US98/06400,1998-03-31,US,UNITED STATES OF AMERICA
PCT/US98/21298,97870152.2,1997-10-08,BE,BELGIUM
PCT/US98/21521,PCT/US98/01746,1998-01-30,US,UNITED STATES OF AMERICA
PCT/US98/21592,9807937.9,1998-04-14,GB,UNITED KINGDOM
PCT/US98/21593,9806684.8,1998-03-27,GB,UNITED KINGDOM
PCT/US98/21594,9806417.3,1998-03-25,GB,UNITED KINGDOM
PCT/US98/21596,9806037.9,1998-03-20,GB,UNITED KINGDOM
PCT/US98/21597,9806686.3,1998-03-27,GB,UNITED KINGDOM
PCT/US98/21605,9807388.5,1998-04-06,GB,UNITED KINGDOM
PCT/US98/21613,9-307598,1997-11-10,JP,JAPAN
PCT/US98/21677,97870160.5,1997-10-22,BE,BELGIUM
PCT/US98/21733,97.117765.4,1997-10-14,None,None
PCT/US98/21793,9723052.8,1997-10-31,GB,UNITED KINGDOM
PCT/US98/21796,9723052.8,1997-10-31,GB,UNITED KINGDOM
PCT/US98/21799,9723052.8,1997-10-31,GB,UNITED KINGDOM
PCT/US98/21901,9806688.9,1998-03-27,GB,UNITED KINGDOM
PCT/US98/21904,9-303501/1997,1997-10-17,JP,JAPAN
PCT/US98/21930,97 13769,1997-11-03,FR,FRANCE
PCT/US98/21994,9723052.8,1997-10-31,GB,UNITED KINGDOM
PCT/US98/22008,9724874.4,1997-11-26,GB,UNITED KINGDOM
PCT/US98/22009,9810174.4,1998-05-13,GB,UNITED KINGDOM
PCT/US98/22099,TO 97A 000919,1997-10-21,IT,ITALY
PCT/US98/22101,9807942.9,1998-04-14,GB,UNITED KINGDOM
PCT/US98/22110,9806431.4,1998-03-25,GB,UNITED KINGDOM
PCT/US98/22111,9807362.0,1998-04-06,GB,UNITED KINGDOM
PCT/US98/22210,9722321.8,1998-10-22,GB,UNITED KINGDOM
PCT/US98/22242,93 045 71,1998-05-08,JP,JAPAN
PCT/US98/22271,9-307874,1997-10-21,JP,JAPAN
PCT/US98/22282,PCT/US98/04002,1998-02-27,US,UNITED STATES OF AMERICA
PCT/US98/22351,97/9505,1997-10-23,ZA,SOUTH AFRICA
PCT/US98/22370,97/9488,1997-10-23,ZA,SOUTH AFRICA
PCT/US98/22371,97/9485,1997-10-23,ZA,SOUTH AFRICA
PCT/US98/22372,97/9486,1997-10-23,ZA,SOUTH AFRICA
PCT/US98/22487,9806694.7,1998-03-27,GB,UNITED KINGDOM
PCT/US98/22568,2420/MAS/97,1997-10-27,IN,INDIA
PCT/US98/22569,2419/MAS/97,1997-10-27,IN,INDIA
PCT/US98/22570,2417/MAS/97,1997-10-27,IN,INDIA
PCT/US98/22668,9724906.4,1997-11-26,GB,UNITED KINGDOM
PCT/US98/22674,"29638,1997",1997-10-24,KR,REPUBLIC OF KOREA
PCT/US98/22709,PCT/US98/22285,1998-10-21,US,UNITED STATES OF AMERICA
PCT/US98/22716,9727130.8,1997-12-22,GB,UNITED KINGDOM
PCT/US98/22729,9727128.2,1997-12-22,GB,UNITED KINGDOM
PCT/US98/22783,9725093.0,1997-11-28,GB,UNITED KINGDOM
PCT/US98/22783,9725091.4,1997-11-28,GB,UNITED KINGDOM
PCT/US98/22783,9725098.9,1997-11-28,GB,UNITED KINGDOM
PCT/US98/22799,9809789.2,1998-05-07,GB,UNITED KINGDOM
PCT/US98/22881,300736/97,1997-10-31,JP,JAPAN
PCT/US98/22905,9722771.4,1997-10-28,GB,UNITED KINGDOM
PCT/US98/22917,9806697.0,1998-03-27,GB,UNITED KINGDOM
PCT/US98/22937,9702796,1997-10-30,ES,SPAIN
PCT/US98/22974,9723531.1,1997-11-05,GB,UNITED KINGDOM
PCT/US98/23001,09.315877,1997-10-31,JP,JAPAN
PCT/US98/23001,10.064665,1997-02-28,JP,JAPAN
PCT/US98/23029,PCT/US98/04651,1998-03-10,US,UNITED STATES OF AMERICA
PCT/US98/23029,PCT/US98/04650,1998-03-10,US,UNITED STATES OF AMERICA
PCT/US98/23029,PCT/US98/04673,1998-03-10,US,UNITED STATES OF AMERICA
PCT/US98/23034,PCT/US96/15499,1996-09-26,US,UNITED STATES OF AMERICA
PCT/US98/23125,97/9873,1997-11-03,ZA,SOUTH AFRICA
PCT/US98/23163,10064665,1998-02-28,JP,JAPAN
PCT/US98/23274,97203397.1,1997-10-31,None,None
PCT/US98/23277,09-306215,1997-11-07,JP,JAPAN
PCT/US98/23316,97870176.1,1997-10-31,None,None
PCT/US98/23376,97870175.3,1997-10-31,None,None
PCT/US98/23377,97870174.6,1997-10-31,None,None
PCT/US98/23378,97870172.0,1997-10-31,None,None
PCT/US98/23385,97870173.8,1997-10-31,None,None
PCT/US98/23469,PCT/US98/08560,1998-04-28,US,UNITED STATES OF AMERICA
PCT/US98/23484,9716574,1997-12-26,FR,FRANCE
PCT/US98/23554,9725461.9,1997-12-02,GB,UNITED KINGDOM
PCT/US98/23554,98105906.6,1998-04-01,None,None
PCT/US98/23721,9723553.5,1997-11-07,GB,UNITED KINGDOM
PCT/US98/23771,97358,1997-11-13,MX,MEXICO
PCT/US98/23772,97870181.1,1997-11-12,None,None
PCT/US98/23813,97121595.9,1997-12-08,DE,GERMANY
PCT/US98/23814,97121594.2,1997-12-08,DE,GERMANY
PCT/US98/23851,9723740.8,1997-11-11,GB,UNITED KINGDOM
PCT/US98/23863,9723826.5,1997-11-11,None,None
PCT/US98/23865,9725095.5,1997-11-28,GB,UNITED KINGDOM
PCT/US98/23897,97 14705,1997-11-24,FR,FRANCE
PCT/US98/23899,97119753.8,1997-11-12,None,None
PCT/US98/23946,A1899/97,1997-11-10,AT,AUSTRIA
PCT/US98/23972,9723785.3,1997-11-11,GB,UNITED KINGDOM
PCT/US98/24051,9807363.8,1998-04-06,GB,UNITED KINGDOM
PCT/US98/24065,9724722.5,1997-11-21,GB,UNITED KINGDOM
PCT/US98/24066,9724044.4,1997-11-14,GB,UNITED KINGDOM
PCT/US98/24068,EM538128186US,1998-10-30,US,UNITED STATES OF AMERICA
PCT/US98/24097,9807938.7,1998-04-15,GB,UNITED KINGDOM
PCT/US98/24110,02620/97,1997-11-13,CH,SWITZERLAND
PCT/US98/24110,00470/98,1998-02-27,CH,SWITZERLAND
PCT/US98/24145,97/10154,1997-11-11,ZA,SOUTH AFRICA
PCT/US98/24148,9807940.3,1998-04-15,GB,UNITED KINGDOM
PCT/US98/24173,97/10312,1997-11-14,ZA,SOUTH AFRICA
PCT/US98/24174,98112335.9,1998-07-03,None,None
PCT/US98/24174,97119753.8,1997-11-12,None,None
PCT/US98/24282,97/10310,1997-11-14,ZA,SOUTH AFRICA
PCT/US98/24287,9723835.6,1997-11-13,GB,UNITED KINGDOM
PCT/US98/24293,98108493.2,1998-05-11,None,None
PCT/US98/24293,97120724.6,1997-11-26,None,None
PCT/US98/24300,10-107671,1998-04-17,JP,JAPAN
PCT/US98/24300,10-079678,1998-03-26,JP,JAPAN
PCT/US98/24300,10-079679,1998-03-26,JP,JAPAN
PCT/US98/24300,10-093215,1998-04-06,JP,JAPAN
PCT/US98/24305,1007584,1997-11-19,NL,NETHERLANDS
PCT/US98/24387,PCT/US97/20840,1997-11-14,US,UNITED STATES OF AMERICA
PCT/US98/24387,PCT/US97/20701,1997-11-14,US,UNITED STATES OF AMERICA
PCT/US98/24410,9727220.7,1997-12-23,GB,UNITED KINGDOM
PCT/US98/24446,T098A000034,1998-01-16,IT,ITALY
PCT/US98/24489,97203614.9,1997-11-19,None,None
PCT/US98/24494,RM97 A000749,1997-12-03,IT,ITALY
PCT/US98/24512,9806035.3,1998-03-20,GB,UNITED KINGDOM
PCT/US98/24513,9727214.0,1997-12-23,GB,UNITED KINGDOM
PCT/US98/24634,9810176.9,1998-05-13,GB,UNITED KINGDOM
PCT/US98/24639,9724715.9,1997-11-21,GB,UNITED KINGDOM
PCT/US98/24639,9724716.7,1997-11-21,GB,UNITED KINGDOM
PCT/US98/24639,9724714.2,1997-11-21,GB,UNITED KINGDOM
PCT/US98/24639,9724713.4,1997-11-21,GB,UNITED KINGDOM
PCT/US98/24668,321273/97,1997-11-21,JP,JAPAN
PCT/US98/24690,97309475.8,1997-11-25,None,None
PCT/US98/24691,97120700.6,1997-11-26,None,None
PCT/US98/24692,97120698.2,1997-11-26,None,None
PCT/US98/24693,97120699.0,1997-11-26,None,None
PCT/US98/24775,97/10403,1997-11-19,ZA,SOUTH AFRICA
PCT/US98/24816,97870189.4,1997-11-24,None,None
PCT/US98/24817,97870188.6,1997-11-24,None,None
PCT/US98/24817,98202165.1,1998-06-27,None,None
PCT/US98/24834,9724715.9,1997-11-21,GB,UNITED KINGDOM
PCT/US98/24835,9724714.2,1997-11-21,GB,UNITED KINGDOM
PCT/US98/24836,9724713.4,1997-11-21,GB,UNITED KINGDOM
PCT/US98/24837,97870186.0,1997-11-24,None,None
PCT/US98/24838,98202164.4,1998-06-27,None,None
PCT/US98/24838,97870187.8,1997-11-24,None,None
PCT/US98/24840,9724716.7,1997-11-21,GB,UNITED KINGDOM
PCT/US98/24855,PCT/US98/19437,1998-09-17,US,UNITED STATES OF AMERICA
PCT/US98/24873,9724627.6,1997-11-20,GB,UNITED KINGDOM
PCT/US98/24898,9727215.7,1997-12-23,GB,UNITED KINGDOM
PCT/US98/24973,9724629.2,1997-11-20,GB,UNITED KINGDOM
PCT/US98/25008,9727216.5,1997-12-23,GB,UNITED KINGDOM
PCT/US98/25235,9703059,1997-11-25,ES,SPAIN
PCT/US98/25325,9807364.6,1998-04-06,GB,UNITED KINGDOM
PCT/US98/25358,9804399.5,1998-03-02,GB,UNITED KINGDOM
PCT/US98/25359,9810178.5,1998-05-13,GB,UNITED KINGDOM
PCT/US98/25362,9809784.3,1998-05-07,GB,UNITED KINGDOM
PCT/US98/25395,9702533,1997-12-05,ES,SPAIN
PCT/US98/25443,97121087.7,1997-12-01,None,None
PCT/US98/25444,97121088.5,1997-12-01,None,None
PCT/US98/25484,TO 97 A 001 04,1997-12-02,IT,ITALY
PCT/US98/25517,97203812.9,1997-12-05,None,None
PCT/US98/25588,9703264,1997-12-17,ES,SPAIN
PCT/US98/25668,97870199.3,1997-12-10,None,None
PCT/US98/25729,PCT/US98/12467,1998-06-19,US,UNITED STATES OF AMERICA
PCT/US98/25736,10-343839,1998-12-03,JP,JAPAN
PCT/US98/25736,9-335451,1997-12-05,JP,JAPAN
PCT/US98/25905,97/11005,1997-12-08,ZA,SOUTH AFRICA
PCT/US98/25939,9-362264,1997-12-10,JP,JAPAN
PCT/US98/25939,10-27397,1998-02-09,JP,JAPAN
PCT/US98/25983,97121995.1,1997-12-11,None,None
PCT/US98/26060,H9-339797,1997-12-10,JP,JAPAN
PCT/US98/26167,97122344.1,1997-12-18,None,None
PCT/US98/26168,97122345.8,1997-12-18,None,None
PCT/US98/26169,97122346.6,1997-12-18,None,None
PCT/US98/26170,97122343.3,1997-12-18,None,None
PCT/US98/26206,PP0849,1997-12-11,AU,AUSTRALIA
PCT/US98/26245,98 400242.8,1998-02-04,None,None
PCT/US98/26316,362851/1997,1997-12-12,JP,JAPAN
PCT/US98/26346,9703333,1997-12-24,ES,SPAIN
PCT/US98/26388,PCT/EP98/03582,1998-06-15,None,EUROPEAN PATENT OFFICE (EPO)
PCT/US98/26423,97203986.1,1997-12-18,None,None
PCT/US98/26461,PCT/US96/14487,1996-09-10,US,UNITED STATES OF AMERICA
PCT/US98/26483,97122584.2,1997-12-20,None,None
PCT/US98/26484,9811295.6,1998-05-26,GB,UNITED KINGDOM
PCT/US98/26484,9807382.8,1998-04-06,GB,UNITED KINGDOM
PCT/US98/26485,9807384.4,1998-04-06,GB,UNITED KINGDOM
PCT/US98/26485,9815803.3,1998-07-21,GB,UNITED KINGDOM
PCT/US98/26539,9811283.2,1998-05-26,GB,UNITED KINGDOM
PCT/US98/26539,9810182.7,1998-05-13,GB,UNITED KINGDOM
PCT/US98/26568,9810892.1,1998-05-20,GB,UNITED KINGDOM
PCT/US98/26568,9811283.2,1998-05-26,GB,UNITED KINGDOM
PCT/US98/26568,9810182.7,1998-05-13,GB,UNITED KINGDOM
PCT/US98/26568,9822331.6,1998-10-13,GB,UNITED KINGDOM
PCT/US98/26568,9812686.5,1998-06-12,GB,UNITED KINGDOM
PCT/US98/26568,9810882.2,1998-05-20,GB,UNITED KINGDOM
PCT/US98/26568,9822701.0,1998-10-16,GB,UNITED KINGDOM
PCT/US98/26588,9726994.8,1997-12-23,GB,UNITED KINGDOM
PCT/US98/26597,209/MAS/98,1998-02-03,IN,INDIA
PCT/US98/26715,9726431.1,1997-12-15,GB,UNITED KINGDOM
PCT/US98/26815,9726874.2,1997-12-18,GB,UNITED KINGDOM
PCT/US98/26816,9727117.5,1997-12-22,GB,UNITED KINGDOM
PCT/US98/26817,9727118.3,1997-12-22,GB,UNITED KINGDOM
PCT/US98/26853,PCT/US98/17702,1998-08-26,US,UNITED STATES OF AMERICA
PCT/US98/26883,9726524.3,1997-12-17,GB,UNITED KINGDOM
PCT/US98/26883,9800344.5,1998-01-09,GB,UNITED KINGDOM
PCT/US98/26971,9727470.8,1997-12-30,GB,UNITED KINGDOM
PCT/US98/26972,9727468.2,1997-12-30,GB,UNITED KINGDOM
PCT/US98/27018,9727466.6,1997-12-30,GB,UNITED KINGDOM
PCT/US98/27020,9727464.1,1997-12-30,GB,UNITED KINGDOM
PCT/US98/27040,9727471.6,1997-12-30,GB,UNITED KINGDOM
PCT/US98/27066,365125/1997,1997-12-19,JP,JAPAN
PCT/US98/27083,9802376.5,1998-02-05,GB,UNITED KINGDOM
PCT/US98/27135,PCT/US97/23620,1997-12-19,US,UNITED STATES OF AMERICA
PCT/US98/27139,9816279.5,1998-07-27,GB,UNITED KINGDOM
PCT/US98/27263,97-16589,1997-12-26,FR,FRANCE
PCT/US98/27274,98100591.1,1998-01-15,None,None
PCT/US98/27276,98870007.6,1998-01-16,None,None
PCT/US98/27278,98870008.4,1998-01-16,None,None
PCT/US98/27279,98200031.7,1998-01-08,None,None
PCT/US98/27291,97120940,1997-12-25,RU,RUSSIAN FEDERATION
PCT/US98/27310,9801099.4,1998-01-20,GB,UNITED KINGDOM
PCT/US98/27373,PP1131,1997-12-24,AU,AUSTRALIA
PCT/US98/27380,97/11702,1997-12-30,ZA,SOUTH AFRICA
PCT/US98/27410,PCT/US97/23865,1997-12-23,US,UNITED STATES OF AMERICA
PCT/US98/27428,9-366003,1997-12-24,JP,JAPAN
PCT/US98/27489,9-358601,1997-12-25,JP,JAPAN
PCT/US98/27502,10-19523,1998-01-30,JP,JAPAN
PCT/US98/27502,10-203734,1998-07-17,JP,JAPAN
PCT/US98/27503,9727533.3,1997-12-22,GB,UNITED KINGDOM
PCT/US98/27504,9820029.8,1998-09-15,GB,UNITED KINGDOM
PCT/US98/27668,97/10622,1997-12-26,ZA,SOUTH AFRICA
PCT/US98/27691,10-18765,1998-01-30,JP,JAPAN
PCT/US98/27725,PCT/US98/15843,1998-07-30,US,UNITED STATES OF AMERICA
PCT/US98/27782,97 16625,1997-12-29,FR,FRANCE
PCT/US98/27875,403/98,1998-01-05,JP,JAPAN
PCT/US99/00021,9800133.2,1998-01-06,GB,UNITED KINGDOM
PCT/US99/00021,9805856.3,1998-03-20,GB,UNITED KINGDOM
PCT/US99/00042,H10-013457,1998-01-07,JP,JAPAN
PCT/US99/00080,19804579.4,1998-02-05,DE,GERMANY
PCT/US99/00158,10-24414,1998-02-05,JP,JAPAN
PCT/US99/00186,20458/1998,1998-01-16,JP,JAPAN
PCT/US99/00186,26227/1998,1998-01-16,JP,JAPAN
PCT/US99/00377,H10-006078,1998-01-14,JP,JAPAN
PCT/US99/00451,98203815.0,1998-11-12,None,None
PCT/US99/00505,1007997,1998-01-09,NL,NETHERLANDS
PCT/US99/00519,10-15057,1998-01-09,JP,JAPAN
PCT/US99/00537,198 34 778,1998-09-09,DE,GERMANY
PCT/US99/00560,PCT/US98/14362,1998-07-10,US,UNITED STATES OF AMERICA
PCT/US99/00576,98200054.9,1998-01-12,DE,GERMANY
PCT/US99/00657,9800517,1998-02-24,ES,SPAIN
PCT/US99/00743,98100592.9,1998-01-15,None,None
PCT/US99/00799,980339,1998-01-15,ZA,SOUTH AFRICA
PCT/US99/00799,988297,1998-09-10,ZA,SOUTH AFRICA
PCT/US99/00853,9800884.0,1998-01-16,GB,UNITED KINGDOM
PCT/US99/01004,9801185.1,1998-01-20,GB,UNITED KINGDOM
PCT/US99/01027,20459/1998,1998-01-16,JP,JAPAN
PCT/US99/01028,20458/1998,1998-01-16,JP,JAPAN
PCT/US99/01078,0118/98,1998-01-19,CH,SWITZERLAND
PCT/US99/01081,PCT/US98/03337,1998-02-20,US,UNITED STATES OF AMERICA
PCT/US99/01122,98100880.8,1998-01-20,None,None
PCT/US99/01123,98100881.6,1998-01-20,None,None
PCT/US99/01134,9801230.5,1998-01-21,GB,UNITED KINGDOM
PCT/US99/01168,064161.0104,1998-01-23,US,UNITED STATES OF AMERICA
PCT/US99/01248,19815381.3,1998-04-06,DE,GERMANY
PCT/US99/01256,PCT/US98/15446,1998-07-24,US,UNITED STATES OF AMERICA
PCT/US99/01262,98/0540,1998-01-22,ZA,SOUTH AFRICA
PCT/US99/01656,PCT/US98/23095,1998-10-30,US,UNITED STATES OF AMERICA
PCT/US99/01773,98018948GB,1998-01-30,GB,UNITED KINGDOM
PCT/US99/01818,15626/98,1998-01-28,JP,JAPAN
PCT/US99/01835,PCT/US98/01712,1998-01-29,US,UNITED STATES OF AMERICA
PCT/US99/01879,PCT/US98/17293,1998-08-21,US,UNITED STATES OF AMERICA
PCT/US99/01882,98/0699,1998-01-28,ZA,SOUTH AFRICA
PCT/US99/01886,29/091341,1998-07-28,US,UNITED STATES OF AMERICA
PCT/US99/02011,9801958.1,1998-01-29,UA,UKRAINE
PCT/US99/02035,9809793.4,1998-05-07,GB,UNITED KINGDOM
PCT/US99/02065,9807936.1,1998-04-15,GB,UNITED KINGDOM
PCT/US99/02065,9823089.9,1998-10-21,GB,UNITED KINGDOM
PCT/US99/02165,9810890.5,1998-05-20,GB,UNITED KINGDOM
PCT/US99/02191,9803804.5,1998-02-25,GB,UNITED KINGDOM
PCT/US99/02193,9803814.4,1998-02-25,GB,UNITED KINGDOM
PCT/US99/02194,PCT/GB98/02317,1998-07-31,GB,UNITED KINGDOM
PCT/US99/02257,19810543.6,1998-03-11,DE,GERMANY
PCT/US99/02334,9804867.1,1998-03-09,GB,UNITED KINGDOM
PCT/US99/02391,98101868.2,1998-02-04,None,None
PCT/US99/02392,98870022.5,1998-02-06,None,None
PCT/US99/02393,98101867.4,1998-02-04,None,None
PCT/US99/02395,98101868.2,1998-02-04,None,None
PCT/US99/02396,98200507.6,1998-02-18,None,None
PCT/US99/02444,H10-024130,1998-02-05,JP,JAPAN
PCT/US99/02446,87100395,1998-01-13,TW,TAIWAN
PCT/US99/02552,9802732.9,1998-02-09,GB,UNITED KINGDOM
PCT/US99/02583,9802681.8,1998-02-06,GB,UNITED KINGDOM
PCT/US99/02615,10-215991,1998-07-30,JP,JAPAN
PCT/US99/02615,10-27397,1999-02-09,JP,JAPAN
PCT/US99/02735,PCT/US98/02333,1998-02-06,US,UNITED STATES OF AMERICA
PCT/US99/02904,9817907.0,1998-08-17,GB,UNITED KINGDOM
PCT/US99/02906,9805718.5,1998-03-17,GB,UNITED KINGDOM
PCT/US99/02918,9805717.7,1998-03-17,GB,UNITED KINGDOM
PCT/US99/02934,U9800338,1998-02-06,ES,SPAIN
PCT/US99/02960,H10-27595,1998-02-09,JP,JAPAN
PCT/US99/03058,98104565.1,1998-03-13,None,None
PCT/US99/03157,98 102 4235,1998-02-12,None,None
PCT/US99/03187,9803462.2,1998-02-19,GB,UNITED KINGDOM
PCT/US99/03191,98400637.9,1998-03-18,None,None
PCT/US99/03234,98400636.1,1998-03-18,None,None
PCT/US99/03420,98/1342,1998-02-18,ZA,SOUTH AFRICA
PCT/US99/03525,PCT/US98/17229,1998-08-19,US,UNITED STATES OF AMERICA
PCT/US99/03525,98306621.8,1998-08-18,None,None
PCT/US99/03525,98306622.6,1998-08-18,None,None
PCT/US99/03580,9817907.0,1998-08-17,GB,UNITED KINGDOM
PCT/US99/03633,98102944,1998-02-20,RU,RUSSIAN FEDERATION
PCT/US99/03673,19824601.3,1998-06-02,DE,GERMANY
PCT/US99/03678,PCT/US98/23095,1998-10-30,US,UNITED STATES OF AMERICA
PCT/US99/03686,9809973.2,1998-05-08,GB,UNITED KINGDOM
PCT/US99/03686,9814505.5,1998-07-03,GB,UNITED KINGDOM
PCT/US99/03717,98301429.1,1998-02-26,None,None
PCT/US99/03788,98/1484,1998-02-23,ZA,SOUTH AFRICA
PCT/US99/03828,9808937.8,1998-04-27,GB,UNITED KINGDOM
PCT/US99/03996,9802983,1998-03-11,FR,FRANCE
PCT/US99/04008,PCT/US97/22381,1997-03-12,US,UNITED STATES OF AMERICA
PCT/US99/04046,98200607.4-210,1998-02-26,None,None
PCT/US99/04058,PCT/US98/07383,1998-04-13,US,UNITED STATES OF AMERICA
PCT/US99/04108,98104583,1998-02-25,RU,RUSSIAN FEDERATION
PCT/US99/04177,9812214.6,1998-06-05,GB,UNITED KINGDOM
PCT/US99/04288,MI98A 000870,1998-04-23,IT,ITALY
PCT/US99/04305,10-45557,1998-02-26,JP,JAPAN
PCT/US99/04321,9810888.9,1998-05-20,GB,UNITED KINGDOM
PCT/US99/04445,10-049249,1998-03-02,JP,JAPAN
PCT/US99/04454,9813578.3,1998-06-24,GB,UNITED KINGDOM
PCT/US99/04527,PCT/US99/01915,1999-01-29,US,UNITED STATES OF AMERICA
PCT/US99/04551,9804301.1,1998-03-02,GB,UNITED KINGDOM
PCT/US99/04691,PCT/US98/04188,1998-03-04,US,UNITED STATES OF AMERICA
PCT/US99/04736,98/1789,1998-03-03,ZA,SOUTH AFRICA
PCT/US99/04804,98103864.9,1998-03-05,None,None
PCT/US99/04816,JP10-71237,1998-03-06,JP,JAPAN
PCT/US99/04838,98.200803.9,1998-03-13,None,None
PCT/US99/04882,9815855.3,1998-07-21,GB,UNITED KINGDOM
PCT/US99/04911,9814737.4,1998-07-07,GB,UNITED KINGDOM
PCT/US99/05016,PCT/US98/12892,1998-06-19,US,UNITED STATES OF AMERICA
PCT/US99/05017,10-086631,1998-03-31,JP,JAPAN
PCT/US99/05050,3553,1998-03-11,KR,REPUBLIC OF KOREA
PCT/US99/05053,9804967.9,1998-03-09,GB,UNITED KINGDOM
PCT/US99/05061,9810885.5,1998-05-20,GB,UNITED KINGDOM
PCT/US99/05061,9809791.8,1998-05-07,GB,UNITED KINGDOM
PCT/US99/05061,9822699.6,1998-10-16,GB,UNITED KINGDOM
PCT/US99/05063,9815857.9,1998-07-21,GB,UNITED KINGDOM
PCT/US99/05074,10-056643,1998-03-09,JP,JAPAN
PCT/US99/05101,98870049.8,1998-03-09,None,None
PCT/US99/05156,10-62780,1998-03-13,JP,JAPAN
PCT/US99/05213,9804948.9,1998-03-10,GB,UNITED KINGDOM
PCT/US99/05288,98-03240,1998-03-17,FR,FRANCE
PCT/US99/05312,98870051.4,1998-03-13,None,None
PCT/US99/05313,98104437.3,1998-03-12,None,None
PCT/US99/05469,P 98 01 01146,1998-03-13,AR,ARGENTINA
PCT/US99/05567,198 11 331.5,1998-03-16,DE,GERMANY
PCT/US99/05711,198 11 330.7,1998-03-16,DE,GERMANY
PCT/US99/05761,9805467.9,1998-03-16,GB,UNITED KINGDOM
PCT/US99/05764,10-72584,1998-03-20,JP,JAPAN
PCT/US99/05815,9815802.5,1998-07-21,GB,UNITED KINGDOM
PCT/US99/05826,4208,1998-03-20,KR,REPUBLIC OF KOREA
PCT/US99/05841,CU 98/03508,1998-03-18,FR,FRANCE
PCT/US99/05863,0675/DEL/98,1998-03-18,IN,INDIA
PCT/US99/05863,0674/DEL/98,1998-03-18,IN,INDIA
PCT/US99/05908,PCT/US98/19772,1998-09-22,US,UNITED STATES OF AMERICA
PCT/US99/05915,PCT/US98/05615,1998-03-23,US,UNITED STATES OF AMERICA
PCT/US99/05938,9815801.7,1998-07-21,GB,UNITED KINGDOM
PCT/US99/05957,9806341.5,1998-03-26,GB,UNITED KINGDOM
PCT/US99/05958,9807668.0,1998-04-14,GB,UNITED KINGDOM
PCT/US99/05960,9807664.9,1998-04-14,GB,UNITED KINGDOM
PCT/US99/05961,9807661.5,1998-04-14,GB,UNITED KINGDOM
PCT/US99/05962,9807657.3,1998-04-14,GB,UNITED KINGDOM
PCT/US99/06012,9806069,1998-03-20,GB,UNITED KINGDOM
PCT/US99/06014,9810895.4,1998-05-20,GB,UNITED KINGDOM
PCT/US99/06114,PCT/US98/15749,1998-07-30,US,UNITED STATES OF AMERICA
PCT/US99/06115,PCT/US98/15851,1998-07-30,US,UNITED STATES OF AMERICA
PCT/US99/06116,PCT/US98/15850,1998-07-30,US,UNITED STATES OF AMERICA
PCT/US99/06118,PCT/US98/15873,1998-07-30,US,UNITED STATES OF AMERICA
PCT/US99/06119,PCT/US98/15872,1998-07-30,US,UNITED STATES OF AMERICA
PCT/US99/06125,9801179-4,1998-04-03,SE,SWEDEN
PCT/US99/06132,98105951.2,1998-04-01,None,None
PCT/US99/06205,81394/98,1998-03-27,JP,JAPAN
PCT/US99/06348,10-95463,1998-03-23,JP,JAPAN
PCT/US99/06379,330077,1998-03-25,NZ,NEW ZEALAND
PCT/US99/06438,9807613.6,1998-04-09,UA,UKRAINE
PCT/US99/06541,198 19 214.2,1998-10-16,DE,GERMANY
PCT/US99/06589,87104656,1998-03-27,TW,TAIWAN
PCT/US99/06666,PCT/US98/14184,1998-07-13,US,UNITED STATES OF AMERICA
PCT/US99/06713,9811286.5,1998-05-26,GB,UNITED KINGDOM
PCT/US99/06726,9815854.6,1998-07-21,GB,UNITED KINGDOM
PCT/US99/06727,9811294.9,1998-05-26,GB,UNITED KINGDOM
PCT/US99/06728,9812217.9,1998-06-05,GB,UNITED KINGDOM
PCT/US99/06766,9823087.3,1998-10-21,GB,UNITED KINGDOM
PCT/US99/06767,9823088.1,1998-10-21,GB,UNITED KINGDOM
PCT/US99/06767,9812208.8,1998-06-05,GB,UNITED KINGDOM
PCT/US99/06776,9815847.0,1998-07-21,GB,UNITED KINGDOM
PCT/US99/06851,10-118684,1998-04-28,JP,JAPAN
PCT/US99/06903,10-108024,1998-04-17,JP,JAPAN
PCT/US99/07078,105894/1998,1998-04-01,JP,JAPAN
PCT/US99/07079,105894/1998,1998-04-01,JP,JAPAN
PCT/US99/07106,9807256.4,1998-04-03,GB,UNITED KINGDOM
PCT/US99/07229,98201071.2,1998-04-08,None,None
PCT/US99/07285,PCT/US98/06582,1998-04-02,US,UNITED STATES OF AMERICA
PCT/US99/07291,PCT/US98/06561,1998-04-02,US,UNITED STATES OF AMERICA
PCT/US99/07292,PCT/US98/06543,1998-04-02,US,UNITED STATES OF AMERICA
PCT/US99/07293,PCT/US98/06559,1998-04-02,US,UNITED STATES OF AMERICA
PCT/US99/07294,PCT/US98/06541,1998-04-02,US,UNITED STATES OF AMERICA
PCT/US99/07347,98870073.8,1998-04-08,None,None
PCT/US99/07347,98870243.7,1998-11-09,None,None
PCT/US99/07439,9810185.0,1998-05-13,GB,UNITED KINGDOM
PCT/US99/07466,9810188.4,1998-05-13,GB,UNITED KINGDOM
PCT/US99/07467,9810175.1,1998-05-13,GB,UNITED KINGDOM
PCT/US99/07468,9810179.3,1998-05-13,GB,UNITED KINGDOM
PCT/US99/07469,9810186.8,1998-05-13,GB,UNITED KINGDOM
PCT/US99/07627,198 15 659.6,1998-04-08,DE,GERMANY
PCT/US99/07697,9807501.3,1998-04-08,GB,UNITED KINGDOM
PCT/US99/07794,9807733.2,1998-04-09,GB,UNITED KINGDOM
PCT/US99/07844,98401021.5,1998-04-27,None,None
PCT/US99/07864,9807731.6,1998-04-09,GB,UNITED KINGDOM
PCT/US99/07956,9811297.2,1998-05-26,GB,UNITED KINGDOM
PCT/US99/08049,PCT/US98/17671,1998-08-26,US,UNITED STATES OF AMERICA
PCT/US99/08277,PCT/US98/24238,1998-11-13,US,UNITED STATES OF AMERICA
PCT/US99/08328,P 98-01-01792,1998-04-17,AR,ARGENTINA
PCT/US99/08392,106444/98,1998-04-16,JP,JAPAN
PCT/US99/08416,10-122145,1998-05-01,JP,JAPAN
PCT/US99/08598,9801813-8,1998-05-22,SE,SWEDEN
PCT/US99/08644,"2,228,864",1998-04-20,CA,CANADA
PCT/US99/08699,MI98 A 000862,1998-04-22,IT,ITALY
PCT/US99/08714,PCT/US98/19676,1998-09-21,None,UNITED STATES OF AMERICA
PCT/US99/08768,PCT/US98/27374,1998-12-23,US,UNITED STATES OF AMERICA
PCT/US99/08786,9808479.1,1998-04-22,GB,UNITED KINGDOM
PCT/US99/08788,980374,1998-05-18,IE,IRELAND
PCT/US99/08956,98401021.5,1998-04-27,None,None
PCT/US99/09094,98107671.4,1998-04-28,None,None
PCT/US99/09095,98107681.3,1998-04-28,None,None
PCT/US99/09382,PCT/US98/08804,1998-05-01,US,UNITED STATES OF AMERICA
PCT/US99/09409,PCT/US98/08904,1998-05-01,US,UNITED STATES OF AMERICA
PCT/US99/09410,PCT/US98/08857,1998-05-01,US,UNITED STATES OF AMERICA
PCT/US99/09413,9810126.4,1998-05-13,GB,UNITED KINGDOM
PCT/US99/09435,PCT/US99/06666,1998-03-26,US,UNITED STATES OF AMERICA
PCT/US99/09435,PCT/US98/14184,1998-03-26,US,UNITED STATES OF AMERICA
PCT/US99/09443,10-162847,1998-05-28,JP,JAPAN
PCT/US99/09453,PCT/US98/08856,1998-05-01,US,UNITED STATES OF AMERICA
PCT/US99/09455,PCT/US98/08858,1998-05-01,US,UNITED STATES OF AMERICA
PCT/US99/09480,PCT/YS98/08905,1998-05-01,US,UNITED STATES OF AMERICA
PCT/US99/09481,PCT/US98/08903,1998-05-01,US,UNITED STATES OF AMERICA
PCT/US99/09597,98108035.1,1998-05-02,None,None
PCT/US99/09623,131983/98,1998-05-14,JP,JAPAN
PCT/US99/09772,198 31 280.6,1998-05-06,DE,GERMANY
PCT/US99/09782,98108123.5,1998-05-05,None,None
PCT/US99/09783,98108122.7,1998-05-05,None,None
PCT/US99/09839,9812059.5,1998-06-04,GB,UNITED KINGDOM
PCT/US99/09850,10-151935,1998-05-18,JP,JAPAN
PCT/US99/09856,99101997.0,1999-04-05,CN,CHINA
PCT/US99/09876,"P-100,436",1999-04-16,US,UNITED STATES OF AMERICA
PCT/US99/09912,98201577.8,1998-05-12,None,None
PCT/US99/09999,TO 98 A 000 37,1998-05-06,IT,ITALY
PCT/US99/10005,98108290.2,1998-05-07,None,None
PCT/US99/10006,98108291.0,1998-05-07,None,None
PCT/US99/10007,9809693.6,1998-05-08,GB,UNITED KINGDOM
PCT/US99/10008,9809733.0,1998-05-08,GB,UNITED KINGDOM
PCT/US99/10035,127395/98,1998-05-11,JP,JAPAN
PCT/US99/10145,PCT/US98/09444,1998-05-08,US,UNITED STATES OF AMERICA
PCT/US99/10159,9812687.3,1998-06-12,GB,UNITED KINGDOM
PCT/US99/10186,133112/98,1998-05-15,JP,JAPAN
PCT/US99/10190,133113/98,1998-05-15,JP,JAPAN
PCT/US99/10280,TO 98A 000 393,1998-05-12,IT,ITALY
PCT/US99/10281,9810060.5,1998-05-11,GB,UNITED KINGDOM
PCT/US99/10300,MI98A 0001027,1998-05-12,IT,ITALY
PCT/US99/10322,98401251.8,1998-05-27,None,None
PCT/US99/10338,H10-129261,1998-05-12,JP,JAPAN
PCT/US99/10351,98870104.1,1998-05-11,None,None
PCT/US99/10352,98870105.8,1998-05-11,None,None
PCT/US99/10434,98108673.9,1998-05-13,None,None
PCT/US99/10435,98108674.7,1998-05-13,None,None
PCT/US99/10450,H10-137886,1998-05-20,JP,JAPAN
PCT/US99/10466,98304185.6,1998-05-27,None,None
PCT/US99/10573,PCT/US99/08277,1999-04-15,US,UNITED STATES OF AMERICA
PCT/US99/10573,PCT/US98/24238,1998-11-13,US,UNITED STATES OF AMERICA
PCT/US99/10712,CT/US99/00558,1999-01-08,US,UNITED STATES OF AMERICA
PCT/US99/10730,9813580.9,1998-06-24,GB,UNITED KINGDOM
PCT/US99/10774,29808833.9,1998-05-15,DE,GERMANY
PCT/US99/10788,9810579.4,1998-05-15,GB,UNITED KINGDOM
PCT/US99/10853,PCT/US98/20491,1998-09-30,US,UNITED STATES OF AMERICA
PCT/US99/10854,PCT/US98/20491,1998-09-30,US,UNITED STATES OF AMERICA
PCT/US99/10855,PCT/US98/20491,1998-09-30,US,UNITED STATES OF AMERICA
PCT/US99/10863,10-135536,1998-05-18,JP,JAPAN
PCT/US99/10949,980395,1998-05-22,IE,IRELAND
PCT/US99/10953,124550,1998-05-19,IL,ISRAEL
PCT/US99/10961,PP3704,1998-05-25,AU,AUSTRALIA
PCT/US99/10980,PCT/US99/04973,1999-03-05,US,UNITED STATES OF AMERICA
PCT/US99/10985,9810752.7,1998-05-19,GB,UNITED KINGDOM
PCT/US99/11003,8360,1998-05-20,KR,REPUBLIC OF KOREA
PCT/US99/11007,PCT/US99/06102,1999-03-19,US,UNITED STATES OF AMERICA
PCT/US99/11035,98/09806,1998-10-29,ZA,SOUTH AFRICA
PCT/US99/11035,99/02896,1999-04-23,ZA,SOUTH AFRICA
PCT/US99/11035,98/04346,1998-05-22,ZA,SOUTH AFRICA
PCT/US99/11206,PCT/US98/27058,1998-12-17,US,UNITED STATES OF AMERICA
PCT/US99/11234,9802303-9,1998-06-30,SE,SWEDEN
PCT/US99/11293,10-157368,1998-06-05,JP,JAPAN
PCT/US99/11323,"2,238,590",1998-05-22,CA,CANADA
PCT/US99/11338,H10-141697,1998-05-22,JP,JAPAN
PCT/US99/11374,PCT/US99/10986,1999-05-05,US,UNITED STATES OF AMERICA
PCT/US99/11428,PCT/US98/10847,1998-05-28,US,UNITED STATES OF AMERICA
PCT/US99/11428,PCT/US98/10848,1998-05-28,US,UNITED STATES OF AMERICA
PCT/US99/11428,PCT/US98/10852,1998-05-28,US,UNITED STATES OF AMERICA
PCT/US99/11464,9815800.9,1998-07-21,GB,UNITED KINGDOM
PCT/US99/11535,10-166929,1998-06-15,JP,JAPAN
PCT/US99/11536,PI9806362-6,1998-06-01,BR,BRAZIL
PCT/US99/11553,DA 19823626 3/,1998-05-27,DE,GERMANY
PCT/US99/11554,10-150137,1998-05-29,JP,JAPAN
PCT/US99/11592,TO98A000448,1998-05-26,IT,ITALY
PCT/US99/11617,98304171.6,1998-05-27,None,None
PCT/US99/11841,PCT/US98/05346,1998-03-18,US,UNITED STATES OF AMERICA
PCT/US99/11841,PCT/US97/16642,1997-03-18,US,UNITED STATES OF AMERICA
PCT/US99/11971,PCT/US98/24649,1998-11-18,US,UNITED STATES OF AMERICA
PCT/US99/11980,9812613.9,1998-06-11,GB,UNITED KINGDOM
PCT/US99/12018,10-167729,1998-06-01,JP,JAPAN
PCT/US99/12063,11-146389,1999-05-26,JP,JAPAN
PCT/US99/12093,9815175.6,1998-07-13,GB,UNITED KINGDOM
PCT/US99/12094,9814925.5,1998-07-09,GB,UNITED KINGDOM
PCT/US99/12095,9814930.5,1998-07-09,GB,UNITED KINGDOM
PCT/US99/12202,98401369.5,1998-06-08,None,None
PCT/US99/12311,124829,1998-06-08,IL,ISRAEL
PCT/US99/12364,H10-176602,1998-06-09,JP,JAPAN
PCT/US99/12426,TO98A000506,1998-06-09,IT,ITALY
PCT/US99/12446,PCT/US99/01726,1999-01-28,US,UNITED STATES OF AMERICA
PCT/US99/12456,86220446,1999-04-22,TW,TAIWAN
PCT/US99/12590,10-157964,1998-06-05,JP,JAPAN
PCT/US99/12648,PCT/US98/14373,1998-07-10,US,UNITED STATES OF AMERICA
PCT/US99/12785,1980420963.0,1998-09-19,DE,GERMANY
PCT/US99/12785,198 27 178.6,1998-06-18,DE,GERMANY
PCT/US99/12815,10-175741,1998-06-23,JP,JAPAN
PCT/US99/12957,PCT/US98/13289,1998-06-26,US,UNITED STATES OF AMERICA
PCT/US99/12957,PCT/US98/13288,1998-06-26,US,UNITED STATES OF AMERICA
PCT/US99/12957,98124723.3,1998-12-28,None,None
PCT/US99/12958,PCT/US98/13287,1998-06-26,US,UNITED STATES OF AMERICA
PCT/US99/12959,PCT/US98/13289,1998-06-26,US,UNITED STATES OF AMERICA
PCT/US99/12959,98124718.2,1998-12-28,None,None
PCT/US99/12959,PCT/US98/13288,1998-06-26,US,UNITED STATES OF AMERICA
PCT/US99/12960,PCT/US98/13290,1998-06-26,US,UNITED STATES OF AMERICA
PCT/US99/13001,PCT/US98/13286,1998-06-26,US,UNITED STATES OF AMERICA
PCT/US99/13002,PCT/US98/13291,1998-06-26,US,UNITED STATES OF AMERICA
PCT/US99/13009,9813234.3,1998-06-19,GB,UNITED KINGDOM
PCT/US99/13010,9812818.4,1998-06-12,GB,UNITED KINGDOM
PCT/US99/13011,9812820.0,1998-06-12,GB,UNITED KINGDOM
PCT/US99/13012,9812819.2,1998-06-12,GB,UNITED KINGDOM
PCT/US99/13052,9812504.0,1998-06-10,GB,UNITED KINGDOM
PCT/US99/13072,98110596.8,1998-06-09,None,None
PCT/US99/13073,98110597.6,1998-06-09,None,None
PCT/US99/13087,9814272.2,1998-07-01,GB,UNITED KINGDOM
PCT/US99/13252,9817179.6,1998-08-06,GB,UNITED KINGDOM
PCT/US99/13308,10-165339,1998-06-12,JP,JAPAN
PCT/US99/13393,98202409.3,1998-07-17,None,None
PCT/US99/13439,PCT/US94/10896,1994-09-26,US,UNITED STATES OF AMERICA
PCT/US99/13468,10-182091,1998-06-29,JP,JAPAN
PCT/US99/13486,10-212505,1998-07-28,JP,JAPAN
PCT/US99/13536,J98/173632,1998-06-19,JP,JAPAN
PCT/US99/13545,9812940,1998-06-16,GB,UNITED KINGDOM
PCT/US99/13623,9812941.4,1998-06-16,GB,UNITED KINGDOM
PCT/US99/13668,PCT/US99/00919,1999-01-15,US,UNITED STATES OF AMERICA
PCT/US99/13674,98304804.2,1998-06-17,None,None
PCT/US99/13756,98.111077.8,1998-06-17,None,None
PCT/US99/13777,9911191.5,1999-06-09,None,None
PCT/US99/13778,98111295.6,1998-06-19,None,None
PCT/US99/13887,9817167.1,1998-08-06,GB,UNITED KINGDOM
PCT/US99/13888,9817174.7,1998-08-06,GB,UNITED KINGDOM
PCT/US99/13931,198 27 725.3,1998-06-22,DE,GERMANY
PCT/US99/13961,9817170.5,1998-08-06,GB,UNITED KINGDOM
PCT/US99/13965,1998 1328/98,1998-06-22,CH,SWITZERLAND
PCT/US99/13967,9817172.1,1998-08-06,GB,UNITED KINGDOM
PCT/US99/13967,9822330.8,1998-10-13,GB,UNITED KINGDOM
PCT/US99/14042,TO 98 A 000 55,1998-06-26,IT,ITALY
PCT/US99/14148,98401799.6,1998-07-16,None,None
PCT/US99/14149,H10-218565,1998-07-16,JP,JAPAN
PCT/US99/14156,H11-131974,1999-05-12,JP,JAPAN
PCT/US99/14156,H10-204635,1998-07-21,JP,JAPAN
PCT/US99/14429,10-226212,1998-08-10,JP,JAPAN
PCT/US99/14457,98111967,1998-06-24,RU,RUSSIAN FEDERATION
PCT/US99/14503,10-178798,1998-06-25,JP,JAPAN
PCT/US99/14539,9816681.2,1998-07-31,GB,UNITED KINGDOM
PCT/US99/14569,PCT/US98/22483,1998-10-23,US,UNITED STATES OF AMERICA
PCT/US99/14600,9814407.4,1998-07-03,GB,UNITED KINGDOM
PCT/US99/14603,98111859.9,1998-06-26,None,None
PCT/US99/14603,98117904.7,1998-09-22,None,None
PCT/US99/14604,PCT/US98/13288,1998-06-26,US,UNITED STATES OF AMERICA
PCT/US99/14604,98124493.2,1998-12-28,None,None
PCT/US99/14604,PCT/US98/13289,1998-06-26,US,UNITED STATES OF AMERICA
PCT/US99/14605,PCT/US98/13288,1998-06-26,US,UNITED STATES OF AMERICA
PCT/US99/14605,98124492.4,1998-12-28,None,None
PCT/US99/14605,PCT/US98/13289,1998-06-26,US,UNITED STATES OF AMERICA
PCT/US99/14608,PCT/US98/13289,1998-06-26,US,UNITED STATES OF AMERICA
PCT/US99/14608,98124491.6,1998-12-28,None,None
PCT/US99/14608,PCT/US98/13288,1998-06-26,US,UNITED STATES OF AMERICA
PCT/US99/14609,99108656.2,1999-05-14,None,None
PCT/US99/14609,98111859.9,1998-06-26,None,None
PCT/US99/14609,98117904.7,1998-09-22,None,None
PCT/US99/14632,PCT/US98/13449,1998-06-29,US,UNITED STATES OF AMERICA
PCT/US99/14632,PCT/US98/13523,1998-06-29,US,UNITED STATES OF AMERICA
PCT/US99/14632,PCT/US98/13497,1998-06-29,US,UNITED STATES OF AMERICA
PCT/US99/14632,PCT/US98/13521,1998-06-29,US,UNITED STATES OF AMERICA
PCT/US99/14633,PCT/US98/13523,1998-06-29,US,UNITED STATES OF AMERICA
PCT/US99/14634,PCT/US98/13497,1998-06-29,US,UNITED STATES OF AMERICA
PCT/US99/14634,PCT/US98/13521,1998-06-29,US,UNITED STATES OF AMERICA
PCT/US99/14634,PCT/US98/13523,1998-06-29,US,UNITED STATES OF AMERICA
PCT/US99/14634,PCT/US98/13449,1998-06-29,US,UNITED STATES OF AMERICA
PCT/US99/14638,PCT/US98/13521,1998-06-29,US,UNITED STATES OF AMERICA
PCT/US99/14641,PCT/US98/13521,1998-06-29,US,UNITED STATES OF AMERICA
PCT/US99/14641,PCT/US98/13523,1998-06-29,US,UNITED STATES OF AMERICA
PCT/US99/14641,PCT/US98/13449,1998-06-29,US,UNITED STATES OF AMERICA
PCT/US99/14641,PCT/US98/13497,1998-06-29,US,UNITED STATES OF AMERICA
PCT/US99/14642,PCT/US98/13497,1998-06-29,US,UNITED STATES OF AMERICA
PCT/US99/14642,PCT/US98/13521,1998-06-29,US,UNITED STATES OF AMERICA
PCT/US99/14642,PCT/US98/13523,1998-06-29,US,UNITED STATES OF AMERICA
PCT/US99/14642,PCT/US98/13449,1998-06-29,US,UNITED STATES OF AMERICA
PCT/US99/14644,PCT/US98/13449,1998-06-29,US,UNITED STATES OF AMERICA
PCT/US99/14644,PCT/US98/13521,1998-06-29,US,UNITED STATES OF AMERICA
PCT/US99/14644,PCT/US98/13497,1998-06-29,US,UNITED STATES OF AMERICA
PCT/US99/14644,PCT/US98/13523,1998-06-29,US,UNITED STATES OF AMERICA
PCT/US99/14645,PCT/US98/13521,1998-06-29,US,UNITED STATES OF AMERICA
PCT/US99/14645,PCT/US98/13449,1998-06-29,US,UNITED STATES OF AMERICA
PCT/US99/14645,PCT/US98/13497,1998-06-29,US,UNITED STATES OF AMERICA
PCT/US99/14645,PCT/US98/13523,1998-06-29,US,UNITED STATES OF AMERICA
PCT/US99/14646,PCT/US98/13521,1998-06-29,US,UNITED STATES OF AMERICA
PCT/US99/14646,PCT/US98/13449,1998-06-29,US,UNITED STATES OF AMERICA
PCT/US99/14646,PCT/US98/13497,1998-06-29,US,UNITED STATES OF AMERICA
PCT/US99/14646,PCT/US98/13523,1998-06-29,US,UNITED STATES OF AMERICA
PCT/US99/14647,PCT/US98/13497,1998-06-29,US,UNITED STATES OF AMERICA
PCT/US99/14647,PCT/US98/13449,1998-06-29,US,UNITED STATES OF AMERICA
PCT/US99/14647,PCT/US98/13521,1998-06-29,US,UNITED STATES OF AMERICA
PCT/US99/14647,PCT/US98/13523,1998-06-29,US,UNITED STATES OF AMERICA
PCT/US99/14649,PCT/US98/13497,1998-06-29,US,UNITED STATES OF AMERICA
PCT/US99/14649,PCT/US98/13523,1998-06-29,US,UNITED STATES OF AMERICA
PCT/US99/14649,PCT/US98/13449,1998-06-29,US,UNITED STATES OF AMERICA
PCT/US99/14649,PCT/US98/13521,1998-06-29,US,UNITED STATES OF AMERICA
PCT/US99/14654,PCT/US98/13497,1998-06-29,US,UNITED STATES OF AMERICA
PCT/US99/14665,98120476.1,1998-10-29,None,None
PCT/US99/14712,9814062.7,1998-06-29,GB,UNITED KINGDOM
PCT/US99/14713,9814065.0,1998-06-29,GB,UNITED KINGDOM
PCT/US99/14714,PCT/US98/13923,1998-06-29,US,UNITED STATES OF AMERICA
PCT/US99/14715,9814068.0,1998-06-29,GB,UNITED KINGDOM
PCT/US99/14716,9814069.2,1998-06-29,GB,UNITED KINGDOM
PCT/US99/14717,9814070.0,1998-06-29,GB,UNITED KINGDOM
PCT/US99/14726,9817175.4,1998-08-06,GB,UNITED KINGDOM
PCT/US99/14727,9817168.9,1998-08-06,GB,UNITED KINGDOM
PCT/US99/14795,PCT/US98/13449,1998-06-29,US,UNITED STATES OF AMERICA
PCT/US99/14795,PCT/US98/13523,1998-06-29,US,UNITED STATES OF AMERICA
PCT/US99/14795,PCT/US98/13521,1998-06-29,US,UNITED STATES OF AMERICA
PCT/US99/14795,PCT/US98/13497,1998-06-29,US,UNITED STATES OF AMERICA
PCT/US99/14796,PCT/US98/13449,1998-06-29,US,UNITED STATES OF AMERICA
PCT/US99/14839,PCT/US99/00810,1999-01-14,US,UNITED STATES OF AMERICA
PCT/US99/14861,9911217.9,1999-05-17,GB,UNITED KINGDOM
PCT/US99/14861,9815525.2,1998-07-17,GB,UNITED KINGDOM
PCT/US99/14862,9815525.2,1998-07-17,GB,UNITED KINGDOM
PCT/US99/14862,9911218.7,1999-05-17,GB,UNITED KINGDOM
PCT/US99/14863,9815525.2,1998-07-17,GB,UNITED KINGDOM
PCT/US99/14863,9911264.1,1999-05-17,GB,UNITED KINGDOM
PCT/US99/14877,985265,1998-06-29,MX,MEXICO
PCT/US99/14897,PCT/US98/25666,1998-12-03,US,UNITED STATES OF AMERICA
PCT/US99/14949,76164/98,1998-07-02,AU,AUSTRALIA
PCT/US99/14955,98 10121,1998-08-06,FR,FRANCE
PCT/US99/14978,RM98A000439,1998-07-01,IT,ITALY
PCT/US99/15015,98202229.5,1998-07-02,None,None
PCT/US99/15149,9815525.2,1998-07-17,GB,UNITED KINGDOM
PCT/US99/15149,9911268.2,1999-05-17,GB,UNITED KINGDOM
PCT/US99/15177,98850116.9-210,1998-07-03,None,None
PCT/US99/15186,98112975.2,1998-07-13,None,None
PCT/US99/15200,9822700.2,1998-10-16,GB,UNITED KINGDOM
PCT/US99/15278,HEI 10-193878,1998-07-09,JP,JAPAN
PCT/US99/15286,98112549.5,1998-07-07,None,None
PCT/US99/15287,98112548.7,1998-07-07,None,None
PCT/US99/15309,9814704.4,1998-07-08,GB,UNITED KINGDOM
PCT/US99/15310,9814687.1,1998-07-08,GB,UNITED KINGDOM
PCT/US99/15311,9814667.3,1998-07-08,GB,UNITED KINGDOM
PCT/US99/15314,9814706.9,1998-07-08,GB,UNITED KINGDOM
PCT/US99/15340,9805340,1998-12-14,BR,BRAZIL
PCT/US99/15369,98 112 499.3,1998-07-06,None,None
PCT/US99/15369,98 112 501.6,1998-07-06,None,None
PCT/US99/15369,98 112 500.8,1998-07-06,None,None
PCT/US99/15458,PCT/US98/27463,1998-12-23,US,UNITED STATES OF AMERICA
PCT/US99/15470,19846227.1,1998-10-07,DE,GERMANY
PCT/US99/15490,9815525.2,1998-07-17,GB,UNITED KINGDOM
PCT/US99/15490,9818720.6,1998-08-28,GB,UNITED KINGDOM
PCT/US99/15491,9818706.5,1998-08-28,GB,UNITED KINGDOM
PCT/US99/15491,9815525.2,1998-07-17,GB,UNITED KINGDOM
PCT/US99/15492,9815525.2,1998-07-17,GB,UNITED KINGDOM
PCT/US99/15492,9911218.7,1999-05-17,GB,UNITED KINGDOM
PCT/US99/15662,98870154.6,1998-07-10,None,None
PCT/US99/15662,99870091.8,1999-04-30,None,None
PCT/US99/15665,98870156.1,1998-07-10,None,None
PCT/US99/15665,98870227.0,1998-10-28,None,None
PCT/US99/15666,98870227.0,1998-10-28,None,None
PCT/US99/15666,98870156.1,1998-10-28,None,None
PCT/US99/15666,98870226.2,1998-07-10,None,None
PCT/US99/15667,98870153.8,1999-04-30,None,None
PCT/US99/15667,99870092.6,1998-07-10,None,None
PCT/US99/15678,99870026.4,1999-02-11,None,None
PCT/US99/15678,98870156.1,1998-07-10,None,None
PCT/US99/15678,99870029.8,1999-02-15,None,None
PCT/US99/15678,98870227.0,1998-10-28,None,None
PCT/US99/15678,98870155.3,1998-07-10,None,None
PCT/US99/15678,98870226.2,1998-10-28,None,None
PCT/US99/15678,99870025.6,1999-02-11,None,None
PCT/US99/15679,99870026.4,1999-02-11,None,None
PCT/US99/15679,98870227.0,1998-10-28,None,None
PCT/US99/15679,98870156.1,1998-07-10,None,None
PCT/US99/15679,99870029.8,1999-02-15,None,None
PCT/US99/15679,98870155.3,1998-07-10,None,None
PCT/US99/15679,99870025.6,1998-02-11,None,None
PCT/US99/15679,98870226.2,1998-10-28,None,None
PCT/US99/15680,99870026.4,1999-02-11,None,None
PCT/US99/15696,9282207.2,1998-12-21,GB,UNITED KINGDOM
PCT/US99/15811,9815200.2,1998-07-14,GB,UNITED KINGDOM
PCT/US99/15823,10-203476,1998-07-17,JP,JAPAN
PCT/US99/16002,9815383.6,1998-07-15,GB,UNITED KINGDOM
PCT/US99/16057,PCT/US98/14575,1998-07-15,US,UNITED STATES OF AMERICA
PCT/US99/16077,98202400.2,1998-07-16,None,None
PCT/US99/16078,98306761.3,1998-07-20,None,None
PCT/US99/16085,PCT/US98/14962,1998-07-20,US,UNITED STATES OF AMERICA
PCT/US99/16098,9815643.3,1998-07-17,GB,UNITED KINGDOM
PCT/US99/16109,10-203230,1998-07-17,JP,JAPAN
PCT/US99/16118,10-206310,1998-07-22,JP,JAPAN
PCT/US99/16123,PCT/US98/15080,1998-07-21,US,UNITED STATES OF AMERICA
PCT/US99/16137,98202479.6,1998-07-23,None,None
PCT/US99/16138,98113667.4,1998-07-22,None,None
PCT/US99/16139,98113666.6,1998-07-22,None,None
PCT/US99/16361,PCT/US98/25847,1998-12-04,US,UNITED STATES OF AMERICA
PCT/US99/16552,19832908.3,1998-07-22,DE,GERMANY
PCT/US99/16574,98-30033,1998-07-25,KR,REPUBLIC OF KOREA
PCT/US99/16623,98-30033,1998-07-25,KR,REPUBLIC OF KOREA
PCT/US99/16625,98-30033,1998-07-25,KR,REPUBLIC OF KOREA
PCT/US99/16662,98202472.1,1998-07-23,None,None
PCT/US99/16750,PCT/US99/01756,1999-01-28,US,UNITED STATES OF AMERICA
PCT/US99/16881,9816534.3,1998-07-29,GB,UNITED KINGDOM
PCT/US99/16981,9816659.8,1998-07-30,GB,UNITED KINGDOM
PCT/US99/16984,9817799.1,1998-08-14,GB,UNITED KINGDOM
PCT/US99/16998,9822364.7,1998-10-13,GB,UNITED KINGDOM
PCT/US99/17048,M198A 001749,1998-07-28,IT,ITALY
PCT/US99/17095,30462,1998-07-28,KR,REPUBLIC OF KOREA
PCT/US99/17228,98245340.X,1998-11-05,CN,CHINA
PCT/US99/17333,"98/216,000",1998-07-30,JP,JAPAN
PCT/US99/17508,PCT/US99/02147,1999-02-01,US,UNITED STATES OF AMERICA
PCT/US99/17554,98870173.6,1998-08-03,None,None
PCT/US99/17555,98114512.1,1998-08-03,None,None
PCT/US99/17556,98114513.9,1998-08-03,None,None
PCT/US99/17557,98114512.1,1998-08-03,None,None
PCT/US99/17558,98870174.4,1998-08-03,None,None
PCT/US99/17563,198 37 916.1,1998-08-20,DE,GERMANY
PCT/US99/17736,29814233.3,1998-08-07,DE,GERMANY
PCT/US99/17814,98114858.8,1998-08-07,None,None
PCT/US99/17876,PCT/US99/02208,1998-02-02,US,UNITED STATES OF AMERICA
PCT/US99/17990,PCT/US98/26610,1998-12-15,US,UNITED STATES OF AMERICA
PCT/US99/18139,9812246,1998-09-30,FR,FRANCE
PCT/US99/18188,98115152.5,1998-08-12,None,None
PCT/US99/18189,98115153.3,1998-08-12,None,None
PCT/US99/18190,98202712.0,1998-08-13,None,None
PCT/US99/18202,980748,1998-09-08,IE,IRELAND
PCT/US99/18253,98115154.1,1998-08-12,None,None
PCT/US99/18273,98202711.2,1998-08-13,None,None
PCT/US99/18290,242576/1998,1998-08-13,JP,JAPAN
PCT/US99/18385,98.115111.1,1998-08-11,None,None
PCT/US99/18416,PP 6472,1998-10-13,AU,AUSTRALIA
PCT/US99/18440,98115225.9,1998-08-13,None,None
PCT/US99/18457,99114998-0,1999-07-31,None,None
PCT/US99/18464,P 99-01-038996,1999-08-05,AR,ARGENTINA
PCT/US99/18464,P 99-01-02103,1999-05-05,AR,ARGENTINA
PCT/US99/18475,PCT/US98/23503,1998-11-04,US,UNITED STATES OF AMERICA
PCT/US99/18513,PCT/US99/03097,1999-02-12,US,UNITED STATES OF AMERICA
PCT/US99/18514,PCT/US98/02768,1998-08-13,US,UNITED STATES OF AMERICA
PCT/US99/18541,9818115.9,1998-08-19,GB,UNITED KINGDOM
PCT/US99/18543,9827712.2,1998-12-16,GB,UNITED KINGDOM
PCT/US99/18543,9817930.0,1998-08-18,GB,UNITED KINGDOM
PCT/US99/18596,98115426.3,1998-08-17,None,None
PCT/US99/18629,9817845.2,1998-08-17,GB,UNITED KINGDOM
PCT/US99/18654,10-230594,1998-08-17,JP,JAPAN
PCT/US99/18656,9818016.9,1998-08-18,GB,UNITED KINGDOM
PCT/US99/18658,9818123.3,1998-08-19,GB,UNITED KINGDOM
PCT/US99/18811,PCT/US99/12868,1999-06-08,US,UNITED STATES OF AMERICA
PCT/US99/18956,10-263080,1998-09-17,JP,JAPAN
PCT/US99/18960,9818608.3,1998-08-26,GB,UNITED KINGDOM
PCT/US99/19027,PCT/US99/03477,1999-02-18,US,UNITED STATES OF AMERICA
PCT/US99/19071,9803081-0,1998-09-10,SE,SWEDEN
PCT/US99/19111,9803082-8,1998-09-10,SE,SWEDEN
PCT/US99/19125,9818418.7,1998-08-26,GB,UNITED KINGDOM
PCT/US99/19131,10-268186,1998-09-22,JP,JAPAN
PCT/US99/19143,10-237837,1998-08-24,JP,JAPAN
PCT/US99/19205,98202864.9,1998-08-27,None,None
PCT/US99/19303,9818613.3,1998-08-26,GB,UNITED KINGDOM
PCT/US99/19304,9818605.9,1998-08-26,GB,UNITED KINGDOM
PCT/US99/19372,10-251977,1998-08-20,JP,JAPAN
PCT/US99/19461,PCT/US99/01344,1999-01-21,US,UNITED STATES OF AMERICA
PCT/US99/19470,PCT/US98/17898,1998-08-28,US,UNITED STATES OF AMERICA
PCT/US99/19476,PCT/US98/17898,1998-08-28,US,UNITED STATES OF AMERICA
PCT/US99/19609,9818525.9,1998-08-25,GB,UNITED KINGDOM
PCT/US99/19610,98 116 225.8,1998-08-27,None,None
PCT/US99/19651,PCT/US98/22033,1998-10-16,US,UNITED STATES OF AMERICA
PCT/US99/19654,9822698.8,1998-10-16,GB,UNITED KINGDOM
PCT/US99/19861,9818716.4,1998-08-28,GB,UNITED KINGDOM
PCT/US99/19883,9825122.6,1998-11-17,GB,UNITED KINGDOM
PCT/US99/19883,9818792.5,1998-08-28,GB,UNITED KINGDOM
PCT/US99/19898,PCT/US99/04614,1999-03-02,US,UNITED STATES OF AMERICA
PCT/US99/19967,98119648,1998-11-03,RU,RUSSIAN FEDERATION
PCT/US99/19996,9823090.7,1998-10-21,GB,UNITED KINGDOM
PCT/US99/20105,980991,1998-11-27,IE,IRELAND
PCT/US99/20108,PCT/US98/18565,1998-09-04,US,UNITED STATES OF AMERICA
PCT/US99/20126,98116639.0,1998-09-03,None,None
PCT/US99/20127,98870185.0,1998-09-01,None,None
PCT/US99/20128,98870184.3,1998-09-01,None,None
PCT/US99/20130,98116643.2,1998-09-03,None,None
PCT/US99/20132,10-276668,1998-09-11,JP,JAPAN
PCT/US99/20204,9811172,1998-09-03,FR,FRANCE
PCT/US99/20209,PCT/US99/01964,1999-01-29,US,UNITED STATES OF AMERICA
PCT/US99/20323,"198 48,673",1998-10-22,DE,GERMANY
PCT/US99/20323,"198 60,357",1998-12-24,DE,GERMANY
PCT/US99/20353,PCT/US99/04181,1999-02-26,US,UNITED STATES OF AMERICA
PCT/US99/20415,19842026.9,1998-09-14,DE,GERMANY
PCT/US99/20421,10-253706,1998-09-08,JP,JAPAN
PCT/US99/20471,98 11519,1998-09-11,FR,FRANCE
PCT/US99/20471,99 00162,1999-01-06,FR,FRANCE
PCT/US99/20472,98 11518,1998-09-11,FR,FRANCE
PCT/US99/20484,PCT/US99/03484,1999-02-17,US,UNITED STATES OF AMERICA
PCT/US99/20502,98116893.3,1998-09-07,None,None
PCT/US99/20503,98116894.1,1998-09-07,None,None
PCT/US99/20504,98116895.8,1998-09-07,None,None
PCT/US99/20526,9819545.6,1998-09-09,GB,UNITED KINGDOM
PCT/US99/20527,H10-270604,1998-09-08,JP,JAPAN
PCT/US99/20594,PCT/US98/18824,1998-09-10,US,UNITED STATES OF AMERICA
PCT/US99/20649,37273,1998-09-10,KR,REPUBLIC OF KOREA
PCT/US99/20649,37274,1998-09-10,KR,REPUBLIC OF KOREA
PCT/US99/20831,98117115.0,1998-09-10,None,None
PCT/US99/20923,98116895.8,1998-09-07,None,None
PCT/US99/20925,98116895.8,1998-09-07,None,None
PCT/US99/20926,98116895.8,1998-09-07,None,None
PCT/US99/20929,9811332,1998-09-11,FR,FRANCE
PCT/US99/20933,9811331,1998-09-14,FR,FRANCE
PCT/US99/20944,PCT/US98/19177,1998-09-14,US,UNITED STATES OF AMERICA
PCT/US99/20960,"2,246,663",1998-09-18,CA,CANADA
PCT/US99/21026,9819926.8,1998-09-14,GB,UNITED KINGDOM
PCT/US99/21048,PCT/US98/19121,1998-09-16,US,UNITED STATES OF AMERICA
PCT/US99/21090,PCT/US98/19330,1998-09-16,US,UNITED STATES OF AMERICA
PCT/US99/21117,H10-258765,1998-09-11,JP,JAPAN
PCT/US99/21117,H11-206973,1999-07-22,JP,JAPAN
PCT/US99/21118,9820121.3,1998-09-15,GB,UNITED KINGDOM
PCT/US99/21148,98203134.6,1998-09-17,None,None
PCT/US99/21166,9819979.7,1998-09-15,GB,UNITED KINGDOM
PCT/US99/21246,1010150,1998-09-22,NL,NETHERLANDS
PCT/US99/21246,98204334.1,1998-12-21,None,None
PCT/US99/21248,9803246-9,1998-09-24,SE,SWEDEN
PCT/US99/21345,98870193.4,1998-09-16,None,None
PCT/US99/21347,98870195.9,1998-09-16,None,None
PCT/US99/21417,99104113.5,1999-03-15,CN,CHINA
PCT/US99/21484,98 12139,1998-09-29,FR,FRANCE
PCT/US99/21504,9819925.0,1998-09-14,GB,UNITED KINGDOM
PCT/US99/21519,9820159.3,1998-09-17,GB,UNITED KINGDOM
PCT/US99/21547,PCT/US98/19437,1998-09-17,US,UNITED STATES OF AMERICA
PCT/US99/21559,10-264257,1998-09-18,JP,JAPAN
PCT/US99/21583,9820457.1,1998-09-19,GB,UNITED KINGDOM
PCT/US99/21588,98870196.7,1998-09-16,None,None
PCT/US99/21675,PCT/US98/23034,1998-10-30,US,UNITED STATES OF AMERICA
PCT/US99/21773,9824554.1,1998-11-09,GB,UNITED KINGDOM
PCT/US99/21795,9821050.3,1998-09-28,GB,UNITED KINGDOM
PCT/US99/21842,98118254.6,1998-09-25,None,None
PCT/US99/21843,PCT/US98/20221,1998-09-25,US,UNITED STATES OF AMERICA
PCT/US99/21872,10-295221,1998-10-16,JP,JAPAN
PCT/US99/21915,10-310199,1998-10-30,JP,JAPAN
PCT/US99/22193,PCT/US98/19921,1998-09-23,US,UNITED STATES OF AMERICA
PCT/US99/22269,99 400 394.5,1999-02-18,None,None
PCT/US99/22269,98 402 374.7,1998-09-25,None,None
PCT/US99/22333,10-305164,1998-10-27,JP,JAPAN
PCT/US99/22337,98203244.3,1998-09-28,None,None
PCT/US99/22337,98203235.1,1998-09-25,None,None
PCT/US99/22393,PCT/US98/20223,1998-09-25,US,UNITED STATES OF AMERICA
PCT/US99/22394,PCT/US98/20223,1998-09-25,US,UNITED STATES OF AMERICA
PCT/US99/22396,PCT/US98/20223,1998-09-25,US,UNITED STATES OF AMERICA
PCT/US99/22420,PCT/US99/01790,1999-01-27,US,UNITED STATES OF AMERICA
PCT/US99/22471,PCT/US98/21012,1998-10-02,US,UNITED STATES OF AMERICA
PCT/US99/22471,PCT/US98/21013,1998-10-02,US,UNITED STATES OF AMERICA
PCT/US99/22472,98870206.4,1998-10-01,None,None
PCT/US99/22472,98204346.5,1998-12-19,None,None
PCT/US99/22474,9822023.9,1998-10-09,GB,UNITED KINGDOM
PCT/US99/22481,98870207.2,1998-10-05,None,None
PCT/US99/22482,98870208.0,1998-10-15,None,None
PCT/US99/22536,PCT/US99/06017,1999-03-19,US,UNITED STATES OF AMERICA
PCT/US99/22564,98117983,1998-10-01,RU,RUSSIAN FEDERATION
PCT/US99/22651,9821524.7,1998-10-02,GB,UNITED KINGDOM
PCT/US99/22653,9821555.1,1998-10-02,GB,UNITED KINGDOM
PCT/US99/22763,98 402906.6,1998-11-20,None,None
PCT/US99/22774,98203796.2,1998-11-11,None,None
PCT/US99/22804,1984/CAL/98,1998-11-09,IN,INDIA
PCT/US99/22838,1882/CAL/98,1998-10-22,IN,INDIA
PCT/US99/22840,98870232.0,1998-10-30,None,None
PCT/US99/22841,98870232.0,1998-10-30,None,None
PCT/US99/22841,99870042.1,1999-03-11,None,None
PCT/US99/22841,98870231.2,1998-10-30,None,None
PCT/US99/22842,PCT/US99/11372,1999-05-21,US,UNITED STATES OF AMERICA
PCT/US99/22842,PCT/US99/10986,1999-05-19,US,UNITED STATES OF AMERICA
PCT/US99/22842,PCT/US99/11330,1999-05-21,US,UNITED STATES OF AMERICA
PCT/US99/22842,PCT/US99/11374,1999-05-21,US,UNITED STATES OF AMERICA
PCT/US99/23018,980990,1998-11-27,IE,IRELAND
PCT/US99/23018,980991,1998-11-27,IE,IRELAND
PCT/US99/23147,9905474.4,1999-03-11,None,None
PCT/US99/23148,9905475.1,1999-03-11,None,None
PCT/US99/23151,98119581.1,1998-10-16,None,None
PCT/US99/23154,9822654.1,1998-10-17,GB,UNITED KINGDOM
PCT/US99/23154,9828816.0,1998-12-31,GB,UNITED KINGDOM
PCT/US99/23228,9808284,1998-10-07,MX,MEXICO
PCT/US99/23232,"126,869",1998-11-02,IL,ISRAEL
PCT/US99/23298,98119574.6,1998-10-16,None,None
PCT/US99/23299,98119550.6,1998-10-16,None,None
PCT/US99/23300,9822654.1,1998-10-17,GB,UNITED KINGDOM
PCT/US99/23307,PCT/US98/21000,1998-10-06,US,UNITED STATES OF AMERICA
PCT/US99/23325,981283,1998-10-16,FR,FRANCE
PCT/US99/23327,98105286,1998-10-07,UA,UKRAINE
PCT/US99/23383,577-99,1999-03-26,CL,CHILE
PCT/US99/23499,10-325369,1998-11-16,JP,JAPAN
PCT/US99/23535,198 46 493.2,1998-10-09,DE,GERMANY
PCT/US99/23577,98 14862,1998-11-20,FR,FRANCE
PCT/US99/23597,PCT/US98/25699,1998-12-04,US,UNITED STATES OF AMERICA
PCT/US99/23616,9824572.3,1998-11-09,GB,UNITED KINGDOM
PCT/US99/23755,9824574.9,1998-11-09,GB,UNITED KINGDOM
PCT/US99/23757,9824573.1,1998-11-09,GB,UNITED KINGDOM
PCT/US99/23777,2255161,1998-12-03,CA,CANADA
PCT/US99/23787,9822245.8,1998-10-13,GB,UNITED KINGDOM
PCT/US99/23793,,1998-10-13,US,UNITED STATES OF AMERICA
PCT/US99/23844,9822461.1,1998-10-15,GB,UNITED KINGDOM
PCT/US99/23855,10-292457,1998-10-14,JP,JAPAN
PCT/US99/23860,PCT/US98/21860,1998-10-16,US,UNITED STATES OF AMERICA
PCT/US99/23982,HEI 10-307665,1998-10-28,JP,JAPAN
PCT/US99/23982,HEI 11-291967,1999-10-16,JP,JAPAN
PCT/US99/23987,PCT/US98/23430,1998-10-30,US,UNITED STATES OF AMERICA
PCT/US99/23995,9824352.0,1998-11-06,GB,UNITED KINGDOM
PCT/US99/23995,9824353.8,1998-11-06,GB,UNITED KINGDOM
PCT/US99/24022,98203513.1,1998-10-19,None,None
PCT/US99/24146,10-313993,1998-10-16,JP,JAPAN
PCT/US99/24168,PCT/US99/18811,1999-08-17,US,UNITED STATES OF AMERICA
PCT/US99/24168,PCT/US99/12868,1999-06-08,US,UNITED STATES OF AMERICA
PCT/US99/24203,10-297290,1998-10-19,JP,JAPAN
PCT/US99/24315,9822686.3,1998-10-19,GB,UNITED KINGDOM
PCT/US99/24485,198 48 144.6,1998-10-20,DE,GERMANY
PCT/US99/24485,198 48 153.3,1998-10-20,DE,GERMANY
PCT/US99/24505,98203574.3,1998-10-23,None,None
PCT/US99/24506,98120073.6,1998-10-23,None,None
PCT/US99/24513,9822685.5,1998-10-19,GB,UNITED KINGDOM
PCT/US99/24559,98 229711.4,1998-10-21,CN,CHINA
PCT/US99/24559,98 229712.2,1998-10-21,CN,CHINA
PCT/US99/24654,9822972.7,1998-10-21,GB,UNITED KINGDOM
PCT/US99/24655,9822971.9,1998-10-21,GB,UNITED KINGDOM
PCT/US99/24655,9915632.5,1999-07-05,GB,UNITED KINGDOM
PCT/US99/24728,98121053,1998-11-16,RU,RUSSIAN FEDERATION
PCT/US99/24729,98120377,1998-11-10,RU,RUSSIAN FEDERATION
PCT/US99/24730,981210554,1998-11-16,RU,RUSSIAN FEDERATION
PCT/US99/24731,98120889,1998-11-16,RU,RUSSIAN FEDERATION
PCT/US99/24732,98122569,1998-12-15,RU,RUSSIAN FEDERATION
PCT/US99/24734,98120378,1998-11-10,RU,RUSSIAN FEDERATION
PCT/US99/24743,98120376,1998-11-10,RU,RUSSIAN FEDERATION
PCT/US99/24744,10-313708,1998-11-04,JP,JAPAN
PCT/US99/24744,10-313705,1998-11-04,JP,JAPAN
PCT/US99/24744,10-313707,1998-11-04,JP,JAPAN
PCT/US99/24744,10-313706,1998-11-04,JP,JAPAN
PCT/US99/24767,10-302833,1998-10-23,JP,JAPAN
PCT/US99/24863,1881/CAL/98,1998-10-22,IN,INDIA
PCT/US99/24914,98120611.3,1998-11-02,None,None
PCT/US99/24940,98120610.5,1998-11-02,None,None
PCT/US99/24940,98124198.7,1998-12-21,None,None
PCT/US99/24948,9900148.9,1999-01-05,GB,UNITED KINGDOM
PCT/US99/25001,9900160.4,1999-01-05,GB,UNITED KINGDOM
PCT/US99/25004,9803665-0,1998-10-26,SE,SWEDEN
PCT/US99/25058,980903,1998-10-30,IE,IRELAND
PCT/US99/25115,10-307165,1999-10-28,JP,JAPAN
PCT/US99/25220,982386,1998-11-04,FI,FINLAND
PCT/US99/25222,98870240.3,1998-11-05,None,None
PCT/US99/25223,98870239.5,1998-11-05,None,None
PCT/US99/25246,"P-101,358",1999-10-21,US,UNITED STATES OF AMERICA
PCT/US99/25259,9824225.8,1998-11-06,GB,UNITED KINGDOM
PCT/US99/25267,9823695.3,1998-10-30,GB,UNITED KINGDOM
PCT/US99/25334,10-322859,1998-10-28,JP,JAPAN
PCT/US99/25369,PCT/US96/07265,1996-04-26,US,UNITED STATES OF AMERICA
PCT/US99/25392,98870225.4,1998-10-28,None,None
PCT/US99/25395,PCT/US98/26154,1998-12-08,US,UNITED STATES OF AMERICA
PCT/US99/25529,9909799.1,1999-04-28,GB,UNITED KINGDOM
PCT/US99/25555,315739/1998,1998-11-06,JP,JAPAN
PCT/US99/25558,9909799.1,1999-04-28,GB,UNITED KINGDOM
PCT/US99/25573,98870245.2,1998-11-09,None,None
PCT/US99/25624,98.120191.6,1998-10-30,None,None
PCT/US99/25685,MI99A000211,1999-02-04,IT,ITALY
PCT/US99/25687,PCT/US99/19665,1999-08-31,US,UNITED STATES OF AMERICA
PCT/US99/25712,98120476.1,1998-10-28,None,None
PCT/US99/25781,98203867.1,1998-11-19,None,None
PCT/US99/25791,9824027.8,1998-11-03,GB,UNITED KINGDOM
PCT/US99/25823,19902483.9,1999-01-22,DE,GERMANY
PCT/US99/25873,PP6891,1998-11-04,AU,AUSTRALIA
PCT/US99/25873,PP7975,1998-12-30,AU,AUSTRALIA
PCT/US99/25912,PCT/US99/13463,1999-06-15,US,UNITED STATES OF AMERICA
PCT/US99/26018,M.19843,1998-11-24,IT,ITALY
PCT/US99/26058,Y1F0589,1998-11-05,JP,JAPAN
PCT/US99/26061,9915626.7,1999-07-05,GB,UNITED KINGDOM
PCT/US99/26061,9824398.3,1998-11-10,GB,UNITED KINGDOM
PCT/US99/26066,199 04 665.4,1999-02-04,GD,GRENADA
PCT/US99/26066,99 115 967.4,1999-08-13,None,None
PCT/US99/26066,98-161,1998-11-13,LT,LITHUANIA
PCT/US99/26083,PCT/US98/27664,1998-12-28,None,UNITED STATES OF AMERICA
PCT/US99/26137,9824358.7,1998-11-07,GB,UNITED KINGDOM
PCT/US99/26237,P 98 01 05608,1998-11-06,AR,ARGENTINA
PCT/US99/26237,P 99 01 00677,1999-02-23,AR,ARGENTINA
PCT/US99/26238,P 98 01 05609,1998-11-06,AR,ARGENTINA
PCT/US99/26238,P 99 01 00679,1999-02-23,AR,ARGENTINA
PCT/US99/26240,P99 01 00681,1999-02-23,AR,ARGENTINA
PCT/US99/26240,P 98 01 05611,1998-11-06,AR,ARGENTINA
PCT/US99/26241,P98 01 00610,1998-11-06,AR,ARGENTINA
PCT/US99/26241,P 99 01 00680,1999-02-23,AR,ARGENTINA
PCT/US99/26246,98870244.5,1998-11-09,None,None
PCT/US99/26333,PCT/US99/19936,1999-08-30,US,UNITED STATES OF AMERICA
PCT/US99/26341,98870246.O,1998-11-10,None,None
PCT/US99/26422,9825118.4,1998-11-16,GB,UNITED KINGDOM
PCT/US99/26588,98870263.5,1998-12-02,None,None
PCT/US99/26588,98870247.8,1998-11-10,None,None
PCT/US99/26589,98870248.6,1998-11-10,None,None
PCT/US99/26590,98870249.4,1998-11-10,None,None
PCT/US99/26600,PCT/US98/23987,1998-11-10,US,UNITED STATES OF AMERICA
PCT/US99/26601,PCT/US98/23988,1998-11-10,US,UNITED STATES OF AMERICA
PCT/US99/26602,PCT/US98/23986,1998-11-10,US,UNITED STATES OF AMERICA
PCT/US99/26603,98870250.2,1998-11-10,None,None
PCT/US99/26604,98870251.0,1998-11-10,None,None
PCT/US99/26605,99870211.2,1999-10-14,None,None
PCT/US99/26605,98870247.8,1998-11-10,None,None
PCT/US99/26605,98870263.5,1998-12-02,None,None
PCT/US99/26606,PCT/US98/23989,1998-11-10,US,UNITED STATES OF AMERICA
PCT/US99/26607,PCT/US98/23990,1998-11-10,US,UNITED STATES OF AMERICA
PCT/US99/26608,PCT/US98/23985,1998-11-10,US,UNITED STATES OF AMERICA
PCT/US99/26609,PCT/US98/23982,1998-11-10,US,UNITED STATES OF AMERICA
PCT/US99/26617,9900072.1,1999-01-04,GB,UNITED KINGDOM
PCT/US99/26623,9901338.5,1999-01-21,GB,UNITED KINGDOM
PCT/US99/26746,9824893.3,1998-11-12,GB,UNITED KINGDOM
PCT/US99/26807,1998 01483,1998-11-13,DK,DENMARK
PCT/US99/26831,10-359976,1998-11-12,JP,JAPAN
PCT/US99/26831,10-359977,1998-11-12,JP,JAPAN
PCT/US99/26844,PCT/US99/03810,1999-02-22,US,UNITED STATES OF AMERICA
PCT/US99/26883,98121980.1,1998-11-19,None,None
PCT/US99/26884,PCT/US98/24577,1998-11-18,US,UNITED STATES OF AMERICA
PCT/US99/26884,PCT/US98/24576,1998-11-18,US,UNITED STATES OF AMERICA
PCT/US99/27045,TO 98 A 000973,1998-11-19,IT,ITALY
PCT/US99/27228,98122228.4,1998-11-23,None,None
PCT/US99/27229,98122263.1,1998-11-24,None,None
PCT/US99/27232,98122328.2,1998-11-24,None,None
PCT/US99/27328,9825423.8,1998-11-19,GB,UNITED KINGDOM
PCT/US99/27696,11-002770,1999-01-08,JP,JAPAN
PCT/US99/27745,19927270.0,1999-06-16,DE,GERMANY
PCT/US99/27746,9825429.5,1998-11-20,GB,UNITED KINGDOM
PCT/US99/27790,"P-101,434",1999-11-01,US,UNITED STATES OF AMERICA
PCT/US99/27840,PCT/US98/25239,1998-11-25,US,UNITED STATES OF AMERICA
PCT/US99/27913,127404,1998-12-06,IL,ISRAEL
PCT/US99/27974,10-353850,1998-11-27,JP,JAPAN
PCT/US99/28074,PCT/US99/01682,1999-01-27,US,UNITED STATES OF AMERICA
PCT/US99/28179,98870262.7,1998-12-02,None,None
PCT/US99/28180,98122815.8,1998-12-01,None,None
PCT/US99/28214,PCT/US99/21090,1999-09-15,US,UNITED STATES OF AMERICA
PCT/US99/28214,PCT/US99/20944,1999-09-13,US,UNITED STATES OF AMERICA
PCT/US99/28301,PCT/US98/25108,1998-12-01,US,UNITED STATES OF AMERICA
PCT/US99/28312,98122952.9,1998-12-03,None,None
PCT/US99/28409,PCT/US98/25108,1998-12-01,US,UNITED STATES OF AMERICA
PCT/US99/28420,9826841.0,1998-12-08,None,None
PCT/US99/28551,PCT/US99/05028,1998-03-08,US,UNITED STATES OF AMERICA
PCT/US99/28551,PCT/US99/20111,1999-09-01,US,UNITED STATES OF AMERICA
PCT/US99/28554,98123213.5,1998-12-05,None,None
PCT/US99/28555,9826397.3,1998-12-02,GB,UNITED KINGDOM
PCT/US99/28564,PCT/US99/28039,1999-10-05,US,UNITED STATES OF AMERICA
PCT/US99/28564,PCT/US99/20594,1999-09-08,US,UNITED STATES OF AMERICA
PCT/US99/28564,PCT/US99/21090,1999-09-15,US,UNITED STATES OF AMERICA
PCT/US99/28565,PCT/US99/21547,1999-09-15,US,UNITED STATES OF AMERICA
PCT/US99/28565,PCT/US99/21090,1999-09-15,US,UNITED STATES OF AMERICA
PCT/US99/28585,981008,1998-12-02,IE,IRELAND
PCT/US99/28608,9826783.4,1998-12-04,GB,UNITED KINGDOM
PCT/US99/28634,PCT/US99/12252,1999-06-02,US,UNITED STATES OF AMERICA
PCT/US99/28693,PCT/US98/25792,1998-12-04,US,UNITED STATES OF AMERICA
PCT/US99/28698,PCT/US99/28336,1999-11-30,US,UNITED STATES OF AMERICA
PCT/US99/28721,PCT/US98/25676,1998-12-03,US,UNITED STATES OF AMERICA
PCT/US99/28808,3655/DEL/98,1998-12-03,IN,INDIA
PCT/US99/28940,98123551,1998-12-15,RU,RUSSIAN FEDERATION
PCT/US99/28950,198 56 613.1,1998-12-08,DE,GERMANY
PCT/US99/28997,98870270.0,1998-12-14,None,None
PCT/US99/29078,10-366873,1998-12-24,JP,JAPAN
PCT/US99/29198,10-351113,1998-12-10,JP,JAPAN
PCT/US99/29265,9827207.3,1998-12-11,GB,UNITED KINGDOM
PCT/US99/29305,98124006.2,1998-12-17,None,None
PCT/US99/29330,99870220.3,1999-10-25,None,None
PCT/US99/29330,98870271.8,1998-12-14,None,None
PCT/US99/29331,98123642.5,1998-12-10,None,None
PCT/US99/29431,9827367.5,1998-12-11,GB,UNITED KINGDOM
PCT/US99/29451,PCT/US99/14815,1999-06-29,US,UNITED STATES OF AMERICA
PCT/US99/29552,9828482.1,1998-12-24,GB,UNITED KINGDOM
PCT/US99/29553,9828488.8,1998-12-24,GB,UNITED KINGDOM
PCT/US99/29661,981080,1998-12-21,IE,IRELAND
PCT/US99/29695,99400015.6,1999-01-05,None,None
PCT/US99/29707,10-375804,1998-12-16,JP,JAPAN
PCT/US99/29709,9828215.5,1998-12-21,GB,UNITED KINGDOM
PCT/US99/29714,9827731.2,1998-12-17,GB,UNITED KINGDOM
PCT/US99/29719,PCT/US98/12418,1998-06-12,US,UNITED STATES OF AMERICA
PCT/US99/29719,PCT/US96/19648,1996-12-12,US,UNITED STATES OF AMERICA
PCT/US99/29742,PCT/US96/18977,1996-11-11,None,UNITED STATES OF AMERICA
PCT/US99/29779,99400016.4,1999-01-05,None,None
PCT/US99/29795,98123817.3,1998-12-15,None,None
PCT/US99/29828,98403235.9,1998-12-21,None,None
PCT/US99/29870,9905564.2,1999-03-11,GB,UNITED KINGDOM
PCT/US99/29967,9827535.7,1998-12-14,GB,UNITED KINGDOM
PCT/US99/29988,P 9900022,1999-01-05,HU,HUNGARY
PCT/US99/29988,P 9902483,1999-07-22,HU,HUNGARY
PCT/US99/30077,11-7358,1999-01-14,JP,JAPAN
PCT/US99/30095,PCT/US99/21090,1999-09-15,US,UNITED STATES OF AMERICA
PCT/US99/30095,PCT/US99/28301,1999-12-01,US,UNITED STATES OF AMERICA
PCT/US99/30095,PCT/US99/05028,1999-03-08,US,UNITED STATES OF AMERICA
PCT/US99/30095,PCT/US99/28565,1999-12-02,US,UNITED STATES OF AMERICA
PCT/US99/30095,PCT/US99/12252,1999-06-02,US,UNITED STATES OF AMERICA
PCT/US99/30095,PCT/US99/28313,1999-11-30,US,UNITED STATES OF AMERICA
PCT/US99/30095,PCT/US99/28409,1999-11-30,US,UNITED STATES OF AMERICA
PCT/US99/30095,PCT/US99/20111,1999-09-01,US,UNITED STATES OF AMERICA
PCT/US99/30124,89 134,1998-12-14,DE,GERMANY
PCT/US99/30174,PCT/US98/19051,1998-09-11,US,UNITED STATES OF AMERICA
PCT/US99/30197,10-366465,1998-12-24,JP,JAPAN
PCT/US99/30206,9828109.0,1998-12-19,GB,UNITED KINGDOM
PCT/US99/30282,GB9827735.3,1998-12-17,GB,UNITED KINGDOM
PCT/US99/30282,GB9900793.2,1999-01-15,GB,UNITED KINGDOM
PCT/US99/30325,10-373892,1998-12-28,JP,JAPAN
PCT/US99/30503,9828377.3,1998-12-22,GB,UNITED KINGDOM
PCT/US99/30557,99100118.1,1999-01-04,None,None
PCT/US99/30558,99100115.7,1999-01-04,None,None
PCT/US99/30559,99100117.3,1999-01-04,None,None
PCT/US99/30560,99100116.5,1999-01-04,None,None
PCT/US99/30563,98124825.5,1998-12-30,None,None
PCT/US99/30564,98124824.8,1998-12-30,None,None
PCT/US99/30565,98124826.3,1998-12-30,None,None
PCT/US99/30566,98124828.9,1998-12-30,None,None
PCT/US99/30567,98124827.1,1998-12-30,None,None
PCT/US99/30691,99100119.9,1999-01-04,None,None
PCT/US99/30823,P10-372337,1998-12-28,JP,JAPAN
PCT/US99/30830,PCT/US99/23502,1999-10-13,US,UNITED STATES OF AMERICA
PCT/US99/30845,982811,1998-12-29,FI,FINLAND
PCT/US99/30873,10-3777183,1998-12-30,JP,JAPAN
PCT/US99/30903,99200332.7,1999-02-05,None,None
PCT/US99/30911,PCT/US99/12252,1999-06-02,US,UNITED STATES OF AMERICA
PCT/US99/30911,PCT/US99/21090,1999-09-15,US,UNITED STATES OF AMERICA
PCT/US99/30911,PCT/US99/28313,1999-11-30,US,UNITED STATES OF AMERICA
PCT/US99/30911,PCT/US99/21547,1999-09-15,US,UNITED STATES OF AMERICA
PCT/US99/30974,PP9075,1999-03-08,AU,AUSTRALIA
PCT/US99/30999,PCT/US99/20944,1999-09-13,US,UNITED STATES OF AMERICA
PCT/US99/30999,PCT/US99/28313,1999-11-30,US,UNITED STATES OF AMERICA
PCT/US99/30999,PCT/US99/21090,1999-09-15,US,UNITED STATES OF AMERICA
PCT/US99/30999,PCT/US99/20594,1999-09-08,US,UNITED STATES OF AMERICA
PCT/US99/30999,PCT/US99/28564,1999-12-02,US,UNITED STATES OF AMERICA
PCT/US99/30999,PCT/US00/23089,1999-10-05,US,UNITED STATES OF AMERICA
PCT/US99/30999,PCT/US99/28214,1999-11-29,US,UNITED STATES OF AMERICA
PCT/US99/31010,9828711.3,1998-12-24,GB,UNITED KINGDOM
PCT/US99/31012,PI 9805843-6,1998-12-29,BR,BRAZIL
PCT/US99/31013,PI 9805843-6,1998-12-29,BR,BRAZIL
PCT/US99/31097,P10-372325,1998-12-28,JP,JAPAN
PCT/US99/31145,092233783,1998-12-31,US,UNITED STATES OF AMERICA
PCT/US99/31145,092233783,1998-12-31,US,UNITED STATES OF AMERICA
PCT/US99/31209,9908515.1,1999-04-14,GB,UNITED KINGDOM
PCT/US99/31243,PCT/US99/05028,1999-03-08,US,UNITED STATES OF AMERICA
PCT/ZA01/00155,20005605,2000-10-12,ZA,SOUTH AFRICA
PCT/ZA02/00013,2000/3847,2001-01-31,ZA,SOUTH AFRICA
PCT/ZA02/00171,2001/9289,2001-11-12,ZA,SOUTH AFRICA
PCT/ZA03/00107,0218587.4,2002-08-12,GB,UNITED KINGDOM
PCT/ZA04/00045,2003/3380,2003-04-30,ZA,SOUTH AFRICA
PCT/ZA04/00072,2003/8654,2003-11-06,ZA,SOUTH AFRICA
PCT/ZA04/00072,2003/5129,2003-06-30,ZA,SOUTH AFRICA
PCT/ZA04/00072,2003/6980,2003-09-08,ZA,SOUTH AFRICA
PCT/ZA05/00158,2004/8518,2004-10-21,ZA,SOUTH AFRICA
PCT/ZA06/00012,2005/06319,2005-08-08,ZA,SOUTH AFRICA
PCT/ZA06/00022,2005/01285,2005-02-14,ZA,SOUTH AFRICA
PCT/ZA06/00053,2005/09731,2005-12-01,ZA,SOUTH AFRICA
PCT/ZA06/00112,2005/07682,2005-09-21,ZA,SOUTH AFRICA
PCT/ZA06/00115,2005/08213,2005-10-04,ZA,SOUTH AFRICA
PCT/ZA06/00115,2006/06536,2006-08-07,ZA,SOUTH AFRICA
PCT/ZA06/00115,2006/04692,2006-06-08,ZA,SOUTH AFRICA
PCT/ZA06/00115,2006/06534,2006-08-07,ZA,SOUTH AFRICA
PCT/ZA07/00017,2000/01193,2006-03-06,ZA,SOUTH AFRICA
PCT/ZA07/00017,2006/09203,2006-11-06,ZA,SOUTH AFRICA
PCT/ZA07/00024,2006/3759,2006-05-11,ZA,SOUTH AFRICA
PCT/ZA07/00070,2006/08462,2006-10-11,ZA,SOUTH AFRICA
PCT/ZA08/00075,2007/06993,2007-08-21,ZA,SOUTH AFRICA
PCT/ZA08/00100,2008/02564,2008-03-20,ZA,SOUTH AFRICA
PCT/ZA08/00100,2007/09930,2007-11-01,ZA,SOUTH AFRICA
PCT/ZA08/00100,2007/08760,2007-10-31,ZA,SOUTH AFRICA
PCT/ZA08/00120,2007/10445,2007-12-03,ZA,SOUTH AFRICA
PCT/ZA08/00126,2007/10024,2008-01-07,ZA,SOUTH AFRICA
PCT/ZA09/00009,2008/1271,2008-02-06,ZA,SOUTH AFRICA
PCT/ZA09/00052,2008/4940,2008-06-06,ZA,SOUTH AFRICA
PCT/ZA09/00055,2008/5323,2008-06-19,ZA,SOUTH AFRICA
PCT/ZA11/00027,2010/03011,2010-04-30,ZA,SOUTH AFRICA
PCT/ZA11/00027,2010/02859,2010-04-23,ZA,SOUTH AFRICA
PCT/ZA11/00029,2010/03406,2010-05-14,ZA,SOUTH AFRICA
PCT/ZA11/00037,2010/03968,2010-06-03,ZA,SOUTH AFRICA
PCT/ZA11/00052,2010/05252,2010-07-23,ZA,SOUTH AFRICA
PCT/ZA12/00053,2011/06880,2011-09-21,ZA,SOUTH AFRICA
PCT/ZA12/00069,2011/8002,2011-10-18,ZA,SOUTH AFRICA
PCT/ZA12/00072,2011/07640,2011-10-19,ZA,SOUTH AFRICA
PCT/ZA13/00006,2012/01311,2012-02-22,ZA,SOUTH AFRICA
PCT/ZA13/00006,2012/06653,2012-09-05,ZA,SOUTH AFRICA
PCT/ZA13/00016,2011/04519,2012-03-20,ZA,SOUTH AFRICA
PCT/ZA13/00081,2012/08153,2012-10-30,ZA,SOUTH AFRICA
PCT/ZA13/00090,2012/08969,2012-11-28,ZA,SOUTH AFRICA
PCT/ZA14/00012,2013/04133,2013-06-06,ZA,SOUTH AFRICA
PCT/ZA14/00021,2013/03160,2013-04-30,ZA,SOUTH AFRICA
PCT/ZA14/00031,2013/05260,2013-07-12,ZA,SOUTH AFRICA
PCT/ZA14/00035,2013/05913,2013-08-02,ZA,SOUTH AFRICA
